SubmissionDate,start,today,cluster,village,house_num,age,sex,time_in,time_out,notes,note_final,meta-instanceID,KEY,SubmitterID,SubmitterName,AttachmentsPresent,AttachmentsExpected,Status,ReviewState,DeviceID,Edits,FormVersion
2023-11-30T16:10:34.995Z,2023-11-30T07:42:27.518Z,30/11/2023,orangogrande,OrGr_eticoga,5,10,male,22:00:00.000Z,07:01:00.000Z,Nada,,uuid:8f0d8edb-46b2-402d-bd68-bb2136b11c97,uuid:8f0d8edb-46b2-402d-bd68-bb2136b11c97,704,Assistente,1,1,,,collect:er91NR52R8aKmaRf,0,24102023[encrypted:AYulh4LQ]
2023-11-30T16:10:34.374Z,2023-11-30T07:40:37.780Z,30/11/2023,orangogrande,OrGr_eticoga,5,8,female,22:00:00.000Z,06:04:00.000Z,Nada,,uuid:297a1d08-2822-41b3-957e-187c56c8547e,uuid:297a1d08-2822-41b3-957e-187c56c8547e,704,Assistente,1,1,,,collect:er91NR52R8aKmaRf,0,24102023[encrypted:AYulh4LQ]
2023-11-30T16:10:33.801Z,2023-11-30T07:38:33.456Z,30/11/2023,orangogrande,OrGr_eticoga,5,30,female,22:00:00.000Z,06:09:00.000Z,Nada,,uuid:14f7000f-787d-4eaa-9e75-2d28244cc626,uuid:14f7000f-787d-4eaa-9e75-2d28244cc626,704,Assistente,1,1,,,collect:er91NR52R8aKmaRf,0,24102023[encrypted:AYulh4LQ]
2023-11-30T16:10:33.185Z,2023-11-29T08:22:03.063Z,29/11/2023,orangogrande,OrGr_eticoga,4,6,male,20:45:00.000Z,07:00:00.000Z,Depus de 07hora ,,uuid:92de4bc8-d489-4fc0-8dce-3206c0cb9f55,uuid:92de4bc8-d489-4fc0-8dce-3206c0cb9f55,704,Assistente,1,1,,,collect:er91NR52R8aKmaRf,0,24102023[encrypted:AYulh4LQ]
2023-11-30T16:10:32.545Z,2023-11-29T08:19:13.817Z,29/11/2023,orangogrande,OrGr_eticoga,4,26,female,22:00:00.000Z,06:45:00.000Z,,,uuid:ddef8616-1e14-4fb5-a170-c47ed32bd303,uuid:ddef8616-1e14-4fb5-a170-c47ed32bd303,704,Assistente,1,1,,,collect:er91NR52R8aKmaRf,0,24102023[encrypted:AYulh4LQ]
2023-11-30T16:10:31.979Z,2023-11-29T08:16:57.587Z,29/11/2023,orangogrande,OrGr_eticoga,4,36,male,20:00:00.000Z,07:02:00.000Z,Depus de 07hora ,,uuid:f6d1e8dc-92cf-4803-adcd-ba8199b39ce8,uuid:f6d1e8dc-92cf-4803-adcd-ba8199b39ce8,704,Assistente,1,1,,,collect:er91NR52R8aKmaRf,0,24102023[encrypted:AYulh4LQ]
2023-11-30T16:10:31.363Z,2023-11-29T08:14:01.206Z,29/11/2023,orangogrande,OrGr_eticoga,1,8,male,21:12:00.000Z,07:00:00.000Z,,,uuid:25e6dd0e-d972-4795-93f0-78c3857187cb,uuid:25e6dd0e-d972-4795-93f0-78c3857187cb,704,Assistente,1,1,,,collect:er91NR52R8aKmaRf,0,24102023[encrypted:AYulh4LQ]
2023-11-30T16:10:30.678Z,2023-11-29T08:12:28.341Z,29/11/2023,orangogrande,OrGr_eticoga,1,14,male,21:12:00.000Z,21:12:00.000Z,,,uuid:d01a8537-7a68-48c0-9248-3b801d6da419,uuid:d01a8537-7a68-48c0-9248-3b801d6da419,704,Assistente,1,1,,,collect:er91NR52R8aKmaRf,0,24102023[encrypted:AYulh4LQ]
2023-11-30T16:10:30.096Z,2023-11-29T08:10:41.845Z,29/11/2023,orangogrande,OrGr_eticoga,1,26,female,21:55:00.000Z,07:04:00.000Z,,,uuid:77f664e9-4e7e-4511-a13f-f8c1e7a80f44,uuid:77f664e9-4e7e-4511-a13f-f8c1e7a80f44,704,Assistente,1,1,,,collect:er91NR52R8aKmaRf,0,24102023[encrypted:AYulh4LQ]
2023-11-30T16:10:29.510Z,2023-11-29T08:07:11.504Z,29/11/2023,orangogrande,OrGr_eticoga,1,35,male,22:00:00.000Z,06:50:00.000Z,,,uuid:0975a3f5-1891-43ab-a313-e0ab98999464,uuid:0975a3f5-1891-43ab-a313-e0ab98999464,704,Assistente,1,1,,,collect:er91NR52R8aKmaRf,0,24102023[encrypted:AYulh4LQ]
2023-11-30T16:07:37.141Z,2023-11-29T08:16:53.441Z,29/11/2023,orangogrande,OrGr_eticoga,2,15,male,21:30:00.000Z,07:05:00.000Z,Nada,,uuid:7d11926f-44f2-40af-a5a9-3b9b6e38471e,uuid:7d11926f-44f2-40af-a5a9-3b9b6e38471e,704,Assistente,1,1,,,collect:E7vzJqYmDdFPwrom,0,24102023[encrypted:AYulh4LQ]
2023-11-30T16:07:36.468Z,2023-11-29T08:13:15.897Z,29/11/2023,orangogrande,OrGr_eticoga,2,22,female,21:22:00.000Z,06:40:00.000Z,Nada,,uuid:80f544cf-1661-494e-b82e-3780c2b68fba,uuid:80f544cf-1661-494e-b82e-3780c2b68fba,704,Assistente,1,1,,,collect:E7vzJqYmDdFPwrom,0,24102023[encrypted:AYulh4LQ]
2023-11-30T16:07:35.790Z,2023-11-29T08:10:16.781Z,29/11/2023,orangogrande,OrGr_eticoga,3,75,female,08:44:00.000Z,07:03:00.000Z,Nada,,uuid:4432c9bf-193d-47b5-8e97-582d582def69,uuid:4432c9bf-193d-47b5-8e97-582d582def69,704,Assistente,1,1,,,collect:E7vzJqYmDdFPwrom,0,24102023[encrypted:AYulh4LQ]
2023-11-27T15:26:44.290Z,2023-11-26T07:41:05.478Z,26/11/2023,canogo,Can_amnequem,4,2,male,20:00:00.000Z,07:03:00.000Z,Antis de 20:00,,uuid:bca4fbae-193c-43e0-ac82-542172d967ca,uuid:bca4fbae-193c-43e0-ac82-542172d967ca,704,Assistente,1,1,,,collect:7ERgyK7KvWeVFiSJ,0,24102023[encrypted:AYulh4LQ]
2023-11-27T15:26:43.787Z,2023-11-26T07:38:08.494Z,26/11/2023,canogo,Can_amnequem,4,9,male,20:00:00.000Z,07:01:00.000Z,Antis 20:00,,uuid:38be334b-b94c-4feb-ac92-6d09123eb139,uuid:38be334b-b94c-4feb-ac92-6d09123eb139,704,Assistente,1,1,,,collect:7ERgyK7KvWeVFiSJ,0,24102023[encrypted:AYulh4LQ]
2023-11-27T15:26:43.173Z,2023-11-26T07:35:36.252Z,26/11/2023,canogo,Can_amnequem,4,38,female,21:33:00.000Z,06:35:00.000Z,,,uuid:c28cd4f5-6445-4615-a6c2-7d26e8ff6480,uuid:c28cd4f5-6445-4615-a6c2-7d26e8ff6480,704,Assistente,1,1,,,collect:7ERgyK7KvWeVFiSJ,0,24102023[encrypted:AYulh4LQ]
2023-11-27T15:26:42.646Z,2023-11-26T07:32:56.376Z,26/11/2023,canogo,Can_amnequem,4,37,male,22:00:00.000Z,06:38:00.000Z,De pois de 22:00,,uuid:5d133c7f-191e-48f0-a4c6-f63d0ad07cd6,uuid:5d133c7f-191e-48f0-a4c6-f63d0ad07cd6,704,Assistente,1,1,,,collect:7ERgyK7KvWeVFiSJ,0,24102023[encrypted:AYulh4LQ]
2023-11-27T15:26:42.155Z,2023-11-26T07:31:09.637Z,26/11/2023,canogo,Can_amnequem,6,16,male,22:00:00.000Z,07:00:00.000Z,,,uuid:64506f6d-01c3-4a90-a95f-1f68b5c4d12a,uuid:64506f6d-01c3-4a90-a95f-1f68b5c4d12a,704,Assistente,1,1,,,collect:7ERgyK7KvWeVFiSJ,0,24102023[encrypted:AYulh4LQ]
2023-11-27T15:26:41.653Z,2023-11-26T07:25:53.573Z,26/11/2023,canogo,Can_amnequem,6,45,male,22:00:00.000Z,07:05:00.000Z,De pois de 22:00,,uuid:c04a23d5-1ec4-47c2-aeea-9965ed368bef,uuid:c04a23d5-1ec4-47c2-aeea-9965ed368bef,704,Assistente,1,1,,,collect:7ERgyK7KvWeVFiSJ,0,24102023[encrypted:AYulh4LQ]
2023-11-27T15:26:41.146Z,2023-11-26T07:23:48.810Z,26/11/2023,canogo,Can_amnequem,6,28,female,22:00:00.000Z,06:45:00.000Z,,,uuid:992b5151-c152-4c69-90eb-e800fb1aa25c,uuid:992b5151-c152-4c69-90eb-e800fb1aa25c,704,Assistente,1,1,,,collect:7ERgyK7KvWeVFiSJ,0,24102023[encrypted:AYulh4LQ]
2023-11-27T15:26:40.660Z,2023-11-26T07:20:41.177Z,26/11/2023,canogo,Can_amnequem,6,75,female,21:40:00.000Z,06:35:00.000Z,,,uuid:6f3d6917-4a10-4150-9da2-766012459a5a,uuid:6f3d6917-4a10-4150-9da2-766012459a5a,704,Assistente,1,1,,,collect:7ERgyK7KvWeVFiSJ,0,24102023[encrypted:AYulh4LQ]
2023-11-27T15:26:40.159Z,2023-11-26T07:17:56.289Z,26/11/2023,canogo,Can_amnequem,3,60,female,20:50:00.000Z,06:35:00.000Z,,,uuid:149a99de-e4e5-48ad-8381-a634dee30b6a,uuid:149a99de-e4e5-48ad-8381-a634dee30b6a,704,Assistente,1,1,,,collect:7ERgyK7KvWeVFiSJ,0,24102023[encrypted:AYulh4LQ]
2023-11-27T15:25:04.321Z,2023-11-26T07:40:41.716Z,26/11/2023,canogo,Can_amnequem,1,9,male,21:20:00.000Z,07:00:00.000Z,Depus de 07hora ,,uuid:50e92f10-f21a-47aa-aece-26af0ee9a21d,uuid:50e92f10-f21a-47aa-aece-26af0ee9a21d,704,Assistente,1,1,,,collect:er91NR52R8aKmaRf,0,24102023[encrypted:AYulh4LQ]
2023-11-27T15:25:03.318Z,2023-11-26T07:39:31.139Z,26/11/2023,canogo,Can_amnequem,1,8,male,20:53:00.000Z,07:00:00.000Z,,,uuid:2d3e1583-7aef-4f6f-9557-543e7c0f1ecd,uuid:2d3e1583-7aef-4f6f-9557-543e7c0f1ecd,704,Assistente,1,1,,,collect:er91NR52R8aKmaRf,0,24102023[encrypted:AYulh4LQ]
2023-11-27T15:25:02.734Z,2023-11-26T07:37:03.978Z,26/11/2023,canogo,Can_amnequem,1,15,male,21:37:00.000Z,06:00:00.000Z,,,uuid:221caab8-0c0c-46a7-b4a6-80183715faae,uuid:221caab8-0c0c-46a7-b4a6-80183715faae,704,Assistente,1,1,,,collect:er91NR52R8aKmaRf,0,24102023[encrypted:AYulh4LQ]
2023-11-27T15:25:02.123Z,2023-11-26T07:35:16.422Z,26/11/2023,canogo,Can_amnequem,1,25,female,20:00:00.000Z,06:45:00.000Z,,,uuid:c69386ff-22b5-4a64-9455-7eb4809bafcb,uuid:c69386ff-22b5-4a64-9455-7eb4809bafcb,704,Assistente,1,1,,,collect:er91NR52R8aKmaRf,0,24102023[encrypted:AYulh4LQ]
2023-11-27T15:25:01.498Z,2023-11-26T07:33:15.718Z,26/11/2023,canogo,Can_amnequem,1,33,male,22:00:00.000Z,06:39:00.000Z,,,uuid:74405015-e80e-4398-8432-3d10b43c7372,uuid:74405015-e80e-4398-8432-3d10b43c7372,704,Assistente,1,1,,,collect:er91NR52R8aKmaRf,0,24102023[encrypted:AYulh4LQ]
2023-11-27T15:25:00.857Z,2023-11-26T07:31:43.157Z,26/11/2023,canogo,Can_amnequem,2,4,female,20:30:00.000Z,07:03:00.000Z,,,uuid:53a8d0ff-0a48-4458-81d1-7403082c0558,uuid:53a8d0ff-0a48-4458-81d1-7403082c0558,704,Assistente,1,1,,,collect:er91NR52R8aKmaRf,0,24102023[encrypted:AYulh4LQ]
2023-11-27T15:25:00.307Z,2023-11-26T07:30:12.170Z,26/11/2023,canogo,Can_amnequem,2,5,male,20:45:00.000Z,07:04:00.000Z,,,uuid:95c37adb-61e8-4921-96b1-e6e0452126b4,uuid:95c37adb-61e8-4921-96b1-e6e0452126b4,704,Assistente,1,1,,,collect:er91NR52R8aKmaRf,0,24102023[encrypted:AYulh4LQ]
2023-11-27T15:24:59.687Z,2023-11-26T07:28:30.712Z,26/11/2023,canogo,Can_amnequem,2,5,male,20:45:00.000Z,07:01:00.000Z,,,uuid:d30e7ef5-4b36-4260-9b37-abcd848b6486,uuid:d30e7ef5-4b36-4260-9b37-abcd848b6486,704,Assistente,1,1,,,collect:er91NR52R8aKmaRf,0,24102023[encrypted:AYulh4LQ]
2023-11-27T15:24:58.786Z,2023-11-26T07:27:02.672Z,26/11/2023,canogo,Can_amnequem,2,15,male,21:45:00.000Z,07:00:00.000Z,,,uuid:4aa7315a-7f7f-4630-8ce4-27c4cbc4017f,uuid:4aa7315a-7f7f-4630-8ce4-27c4cbc4017f,704,Assistente,1,1,,,collect:er91NR52R8aKmaRf,0,24102023[encrypted:AYulh4LQ]
2023-11-27T15:24:58.171Z,2023-11-26T07:25:32.775Z,26/11/2023,canogo,Can_amnequem,2,15,male,21:47:00.000Z,06:53:00.000Z,,,uuid:560c2e52-afc8-4f59-bd35-0ff69f98e496,uuid:560c2e52-afc8-4f59-bd35-0ff69f98e496,704,Assistente,1,1,,,collect:er91NR52R8aKmaRf,0,24102023[encrypted:AYulh4LQ]
2023-11-27T15:24:57.504Z,2023-11-26T07:24:04.689Z,26/11/2023,canogo,Can_amnequem,2,39,female,21:50:00.000Z,07:02:00.000Z,,,uuid:ec7392d9-deb8-439f-aa07-50113997cc08,uuid:ec7392d9-deb8-439f-aa07-50113997cc08,704,Assistente,1,1,,,collect:er91NR52R8aKmaRf,0,24102023[encrypted:AYulh4LQ]
2023-11-27T15:24:56.878Z,2023-11-26T07:22:41.936Z,26/11/2023,canogo,Can_amnequem,2,39,female,22:00:00.000Z,06:48:00.000Z,,,uuid:1514d2ae-4d1b-469b-984a-de6585ad9b06,uuid:1514d2ae-4d1b-469b-984a-de6585ad9b06,704,Assistente,1,1,,,collect:er91NR52R8aKmaRf,0,24102023[encrypted:AYulh4LQ]
2023-11-27T15:24:56.290Z,2023-11-26T07:18:16.538Z,26/11/2023,canogo,Can_amnequem,2,42,male,22:00:00.000Z,06:30:00.000Z,,,uuid:aa683f05-a653-4265-b747-415792ccdb8a,uuid:aa683f05-a653-4265-b747-415792ccdb8a,704,Assistente,1,1,,,collect:er91NR52R8aKmaRf,0,24102023[encrypted:AYulh4LQ]
2023-11-24T22:33:52.298Z,2023-11-24T08:21:09.006Z,24/11/2023,orangozinho,Orazinho_ancanho,4,1,male,20:00:00.000Z,07:00:00.000Z,Antes 20hora depus de 07hora ,,uuid:954de941-8c27-4bf4-a752-7e8c249d8a31,uuid:954de941-8c27-4bf4-a752-7e8c249d8a31,704,Assistente,1,1,,,collect:er91NR52R8aKmaRf,0,24102023[encrypted:AYulh4LQ]
2023-11-24T22:33:51.551Z,2023-11-24T08:19:23.419Z,24/11/2023,orangozinho,Orazinho_ancanho,4,7,male,21:46:00.000Z,07:00:00.000Z,Depus de 07hora ,,uuid:4c166349-b1fc-4eaa-a7cf-e7fdc417b254,uuid:4c166349-b1fc-4eaa-a7cf-e7fdc417b254,704,Assistente,1,1,,,collect:er91NR52R8aKmaRf,0,24102023[encrypted:AYulh4LQ]
2023-11-24T22:33:50.804Z,2023-11-24T08:17:25.047Z,24/11/2023,orangozinho,Orazinho_ancanho,4,24,female,22:00:00.000Z,07:00:00.000Z,Depus de 07hora ,,uuid:ecf616cd-8914-4657-bbb8-a4d58f659ae4,uuid:ecf616cd-8914-4657-bbb8-a4d58f659ae4,704,Assistente,1,1,,,collect:er91NR52R8aKmaRf,0,24102023[encrypted:AYulh4LQ]
2023-11-24T22:33:49.779Z,2023-11-24T08:14:18.126Z,24/11/2023,orangozinho,Orazinho_ancanho,4,15,female,21:57:00.000Z,07:00:00.000Z,Depus de 07hora ,,uuid:c0029236-4d8a-4294-a9e6-cb98ff694911,uuid:c0029236-4d8a-4294-a9e6-cb98ff694911,704,Assistente,1,1,,,collect:er91NR52R8aKmaRf,0,24102023[encrypted:AYulh4LQ]
2023-11-24T22:33:49.098Z,2023-11-24T08:11:52.188Z,24/11/2023,orangozinho,Orazinho_ancanho,4,60,female,22:22:00.000Z,07:00:00.000Z,Depus de 07hora ,,uuid:8f97ccdf-2896-44d3-ac83-ba806b1bf401,uuid:8f97ccdf-2896-44d3-ac83-ba806b1bf401,704,Assistente,1,1,,,collect:er91NR52R8aKmaRf,0,24102023[encrypted:AYulh4LQ]
2023-11-24T22:33:48.455Z,2023-11-24T08:10:14.897Z,24/11/2023,orangozinho,Orazinho_ancanho,4,79,female,20:57:00.000Z,07:00:00.000Z,Depus  de 07hora ,,uuid:d45171a3-99b4-4d1d-8e91-5761d5e9b168,uuid:d45171a3-99b4-4d1d-8e91-5761d5e9b168,704,Assistente,1,1,,,collect:er91NR52R8aKmaRf,0,24102023[encrypted:AYulh4LQ]
2023-11-24T22:33:47.795Z,2023-11-24T08:05:12.552Z,24/11/2023,orangozinho,Orazinho_ancanho,2,11,female,22:00:00.000Z,06:57:00.000Z,,,uuid:10c2efbb-16d5-4bd2-9fdc-084e9c976c31,uuid:10c2efbb-16d5-4bd2-9fdc-084e9c976c31,704,Assistente,1,1,,,collect:er91NR52R8aKmaRf,0,24102023[encrypted:AYulh4LQ]
2023-11-24T22:33:47.045Z,2023-11-24T08:03:17.970Z,24/11/2023,orangozinho,Orazinho_ancanho,2,17,male,22:00:00.000Z,07:00:00.000Z,Depus de 07hora ,,uuid:3fb060d7-f4d4-4e6f-8a3e-ca0504ce8504,uuid:3fb060d7-f4d4-4e6f-8a3e-ca0504ce8504,704,Assistente,1,1,,,collect:er91NR52R8aKmaRf,0,24102023[encrypted:AYulh4LQ]
2023-11-24T22:33:46.354Z,2023-11-24T08:01:12.966Z,24/11/2023,orangozinho,Orazinho_ancanho,2,36,female,21:40:00.000Z,07:00:00.000Z,Depus  de 07hora ,,uuid:461f0526-c816-4c76-8b4b-bad8428755dd,uuid:461f0526-c816-4c76-8b4b-bad8428755dd,704,Assistente,1,1,,,collect:er91NR52R8aKmaRf,0,24102023[encrypted:AYulh4LQ]
2023-11-24T22:33:45.457Z,2023-11-24T07:59:05.663Z,24/11/2023,orangozinho,Orazinho_ancanho,2,40,male,22:36:00.000Z,07:00:00.000Z,Depus  de 07hora ,,uuid:f2c50eb6-32d0-4dd1-8bbc-cd0d464f6d4c,uuid:f2c50eb6-32d0-4dd1-8bbc-cd0d464f6d4c,704,Assistente,1,1,,,collect:er91NR52R8aKmaRf,0,24102023[encrypted:AYulh4LQ]
2023-11-24T22:33:44.692Z,2023-11-24T07:55:59.591Z,24/11/2023,orangozinho,Orazinho_ancanho,1,0,female,20:32:00.000Z,07:00:00.000Z,Depus de 07hora ,,uuid:a3ba22dd-a6b6-45aa-9141-976e1b30730b,uuid:a3ba22dd-a6b6-45aa-9141-976e1b30730b,704,Assistente,1,1,,,collect:er91NR52R8aKmaRf,0,24102023[encrypted:AYulh4LQ]
2023-11-24T22:33:44.012Z,2023-11-24T07:53:26.599Z,24/11/2023,orangozinho,Orazinho_ancanho,1,16,female,22:00:00.000Z,07:00:00.000Z,Depus  de 07hora ,,uuid:7da5f789-6f07-4b1d-abf5-3649c63a918c,uuid:7da5f789-6f07-4b1d-abf5-3649c63a918c,704,Assistente,1,1,,,collect:er91NR52R8aKmaRf,0,24102023[encrypted:AYulh4LQ]
2023-11-24T22:33:43.295Z,2023-11-24T07:50:59.031Z,24/11/2023,orangozinho,Orazinho_ancanho,1,29,female,20:58:00.000Z,07:00:00.000Z,Depus de 07hora ,,uuid:5fc2efc1-3890-4be4-9c79-11ed23ec00b7,uuid:5fc2efc1-3890-4be4-9c79-11ed23ec00b7,704,Assistente,1,1,,,collect:er91NR52R8aKmaRf,0,24102023[encrypted:AYulh4LQ]
2023-11-24T22:33:42.573Z,2023-11-24T07:48:24.874Z,24/11/2023,orangozinho,Orazinho_ancanho,1,30,female,22:00:00.000Z,06:15:00.000Z,,,uuid:7797bc7c-a9aa-42ac-b4bf-e5d6bc5d7066,uuid:7797bc7c-a9aa-42ac-b4bf-e5d6bc5d7066,704,Assistente,1,1,,,collect:er91NR52R8aKmaRf,0,24102023[encrypted:AYulh4LQ]
2023-11-24T22:33:41.899Z,2023-11-24T07:44:56.357Z,24/11/2023,orangozinho,Orazinho_ancanho,3,2,male,20:55:00.000Z,07:00:00.000Z,Depus  07 hora,,uuid:d3cae995-944f-48fb-9769-69b12fe6522a,uuid:d3cae995-944f-48fb-9769-69b12fe6522a,704,Assistente,1,1,,,collect:er91NR52R8aKmaRf,0,24102023[encrypted:AYulh4LQ]
2023-11-24T22:33:41.265Z,2023-11-24T07:42:23.347Z,24/11/2023,orangozinho,Orazinho_ancanho,3,4,female,21:30:00.000Z,07:00:00.000Z,Depus  de 07hora ,,uuid:309a016f-e023-4f15-a5d4-0d8ab0c6692e,uuid:309a016f-e023-4f15-a5d4-0d8ab0c6692e,704,Assistente,1,1,,,collect:er91NR52R8aKmaRf,0,24102023[encrypted:AYulh4LQ]
2023-11-24T22:33:40.417Z,2023-11-24T07:39:17.270Z,24/11/2023,orangozinho,Orazinho_ancanho,3,25,female,22:30:00.000Z,06:57:00.000Z,,,uuid:7816f070-bbaa-467d-b960-61265d5c7a23,uuid:7816f070-bbaa-467d-b960-61265d5c7a23,704,Assistente,1,1,,,collect:er91NR52R8aKmaRf,0,24102023[encrypted:AYulh4LQ]
2023-11-24T22:33:39.702Z,2023-11-24T07:36:07.337Z,24/11/2023,orangozinho,Orazinho_ancanho,3,29,female,21:00:00.000Z,07:00:00.000Z,Depus de 07hora,,uuid:ea78c351-ce44-4c07-b8b5-112fa9cf496c,uuid:ea78c351-ce44-4c07-b8b5-112fa9cf496c,704,Assistente,1,1,,,collect:er91NR52R8aKmaRf,0,24102023[encrypted:AYulh4LQ]
2023-11-24T22:33:38.987Z,2023-11-24T07:32:57.700Z,24/11/2023,orangozinho,Orazinho_ancanho,3,60,female,21:45:00.000Z,07:07:00.000Z,Depus de 07hora,,uuid:4ddc3df0-7b46-486a-a7c4-9e26666bc0b0,uuid:4ddc3df0-7b46-486a-a7c4-9e26666bc0b0,704,Assistente,1,1,,,collect:er91NR52R8aKmaRf,0,24102023[encrypted:AYulh4LQ]
2023-11-24T22:33:38.283Z,2023-11-24T07:28:21.070Z,24/11/2023,orangozinho,Orazinho_ancanho,3,31,male,22:00:00.000Z,22:00:00.000Z,Depus de 22  hora,,uuid:c755db8f-4400-4480-ac31-6e43e4e36ece,uuid:c755db8f-4400-4480-ac31-6e43e4e36ece,704,Assistente,1,1,,,collect:er91NR52R8aKmaRf,0,24102023[encrypted:AYulh4LQ]
2023-11-21T13:12:08.791Z,2023-11-21T08:15:41.837Z,21/11/2023,canhabaque,Can_indina,1,1,female,21:05:00.000Z,07:00:00.000Z,,,uuid:1dd8d7d9-87e6-47cc-a29d-9333992d8509,uuid:1dd8d7d9-87e6-47cc-a29d-9333992d8509,704,Assistente,1,1,,,collect:er91NR52R8aKmaRf,0,24102023[encrypted:AYulh4LQ]
2023-11-21T13:12:08.137Z,2023-11-21T08:14:24.928Z,21/11/2023,canhabaque,Can_indina,1,5,male,21:15:00.000Z,07:00:00.000Z,,,uuid:3f8b6a89-eda7-4f4e-8e71-26de7392de97,uuid:3f8b6a89-eda7-4f4e-8e71-26de7392de97,704,Assistente,1,1,,,collect:er91NR52R8aKmaRf,0,24102023[encrypted:AYulh4LQ]
2023-11-21T13:12:07.341Z,2023-11-21T08:13:01.093Z,21/11/2023,canhabaque,Can_indina,1,17,female,22:00:00.000Z,07:00:00.000Z,,,uuid:81a7d174-616e-47e9-afb2-17330a8a6911,uuid:81a7d174-616e-47e9-afb2-17330a8a6911,704,Assistente,1,1,,,collect:er91NR52R8aKmaRf,0,24102023[encrypted:AYulh4LQ]
2023-11-21T13:12:06.635Z,2023-11-21T08:11:07.801Z,21/11/2023,canhabaque,Can_indina,1,22,female,21:00:00.000Z,07:00:00.000Z,,,uuid:41cb955a-6fcf-4782-a442-448fd70525ed,uuid:41cb955a-6fcf-4782-a442-448fd70525ed,704,Assistente,1,1,,,collect:er91NR52R8aKmaRf,0,24102023[encrypted:AYulh4LQ]
2023-11-21T13:12:05.911Z,2023-11-21T08:08:57.753Z,21/11/2023,canhabaque,Can_indina,1,47,female,22:00:00.000Z,06:49:00.000Z,,,uuid:6f6b46eb-f9e3-4c31-b7cf-e5e38258e295,uuid:6f6b46eb-f9e3-4c31-b7cf-e5e38258e295,704,Assistente,1,1,,,collect:er91NR52R8aKmaRf,0,24102023[encrypted:AYulh4LQ]
2023-11-21T13:12:05.220Z,2023-11-21T08:03:26.250Z,21/11/2023,canhabaque,Can_indina,2,8,male,21:48:00.000Z,22:00:00.000Z,Depus  de22hora,,uuid:078d49d8-c71b-41c9-887b-83a44d1ff406,uuid:078d49d8-c71b-41c9-887b-83a44d1ff406,704,Assistente,1,1,,,collect:er91NR52R8aKmaRf,0,24102023[encrypted:AYulh4LQ]
2023-11-21T13:12:04.599Z,2023-11-21T08:00:50.636Z,21/11/2023,canhabaque,Can_indina,2,9,male,22:00:00.000Z,07:00:00.000Z,Depus de22 hora,,uuid:5342f1e5-133c-415f-8e8a-3d73f43e8b31,uuid:5342f1e5-133c-415f-8e8a-3d73f43e8b31,704,Assistente,1,1,,,collect:er91NR52R8aKmaRf,0,24102023[encrypted:AYulh4LQ]
2023-11-21T13:12:03.362Z,2023-11-21T07:58:07.742Z,21/11/2023,canhabaque,Can_indina,2,10,male,23:00:00.000Z,07:00:00.000Z,Deposit de 07,,uuid:a47aa1c6-43d1-4652-aa3f-1d9eee47b970,uuid:a47aa1c6-43d1-4652-aa3f-1d9eee47b970,704,Assistente,1,1,,,collect:er91NR52R8aKmaRf,0,24102023[encrypted:AYulh4LQ]
2023-11-21T13:12:02.595Z,2023-11-21T07:55:31.395Z,21/11/2023,canhabaque,Can_indina,2,40,female,21:14:00.000Z,07:57:00.000Z,Deposit de 7,,uuid:0c3ed5d4-0a63-409c-bee2-f47816224196,uuid:0c3ed5d4-0a63-409c-bee2-f47816224196,704,Assistente,1,1,,,collect:er91NR52R8aKmaRf,0,24102023[encrypted:AYulh4LQ]
2023-11-21T13:12:01.899Z,2023-11-20T07:53:39.261Z,20/11/2023,canhabaque,Can_indina,3,7,male,21:34:00.000Z,07:00:00.000Z,Nada,,uuid:17052f4c-7184-4be2-a817-740eee915911,uuid:17052f4c-7184-4be2-a817-740eee915911,704,Assistente,1,1,,,collect:er91NR52R8aKmaRf,0,24102023[encrypted:AYulh4LQ]
2023-11-21T13:12:01.142Z,2023-11-20T07:52:27.425Z,20/11/2023,canhabaque,Can_indina,3,9,male,21:34:00.000Z,07:00:00.000Z,Nada,,uuid:ed374224-cafc-4383-9f95-7b042289945e,uuid:ed374224-cafc-4383-9f95-7b042289945e,704,Assistente,1,1,,,collect:er91NR52R8aKmaRf,0,24102023[encrypted:AYulh4LQ]
2023-11-21T13:12:00.465Z,2023-11-20T07:48:19.942Z,20/11/2023,canhabaque,Can_indina,3,12,male,21:24:00.000Z,07:00:00.000Z,Nada,,uuid:dd584f06-8ba7-4d1d-b38e-53e26ee48a16,uuid:dd584f06-8ba7-4d1d-b38e-53e26ee48a16,704,Assistente,1,1,,,collect:er91NR52R8aKmaRf,0,24102023[encrypted:AYulh4LQ]
2023-11-21T13:11:59.679Z,2023-11-20T07:46:24.789Z,20/11/2023,canhabaque,Can_indina,3,17,male,22:00:00.000Z,06:58:00.000Z,Nada,,uuid:04ef3efa-1ef6-426e-8952-d443a0d41391,uuid:04ef3efa-1ef6-426e-8952-d443a0d41391,704,Assistente,1,1,,,collect:er91NR52R8aKmaRf,0,24102023[encrypted:AYulh4LQ]
2023-11-21T13:11:58.951Z,2023-11-20T07:43:22.458Z,20/11/2023,canhabaque,Can_indina,3,84,female,20:30:00.000Z,06:43:00.000Z,Nada,,uuid:6cd406e9-bbaa-44fe-bc58-5df34052c16a,uuid:6cd406e9-bbaa-44fe-bc58-5df34052c16a,704,Assistente,1,1,,,collect:er91NR52R8aKmaRf,0,24102023[encrypted:AYulh4LQ]
2023-11-21T12:57:59.586Z,2023-11-20T07:58:24.742Z,20/11/2023,canhabaque,Can_indina,4,46,female,08:47:00.000Z,06:50:00.000Z,0,,uuid:283bbd76-d682-43a4-a555-7326893313f7,uuid:283bbd76-d682-43a4-a555-7326893313f7,704,Assistente,1,1,,,collect:E7vzJqYmDdFPwrom,0,24102023[encrypted:AYulh4LQ]
2023-11-21T12:57:59.004Z,2023-11-20T07:55:49.814Z,20/11/2023,canhabaque,Can_indina,6,1,female,08:45:00.000Z,06:56:00.000Z,Antes 7,,uuid:9c585880-1684-4276-b46c-978a521d2948,uuid:9c585880-1684-4276-b46c-978a521d2948,704,Assistente,1,1,,,collect:E7vzJqYmDdFPwrom,0,24102023[encrypted:AYulh4LQ]
2023-11-21T12:57:58.421Z,2023-11-20T07:53:29.187Z,20/11/2023,canhabaque,Can_indina,6,6,female,09:02:00.000Z,06:54:00.000Z,Antes de7,,uuid:16df8a92-8763-4bd7-bd1d-dc0715ddf677,uuid:16df8a92-8763-4bd7-bd1d-dc0715ddf677,704,Assistente,1,1,,,collect:E7vzJqYmDdFPwrom,0,24102023[encrypted:AYulh4LQ]
2023-11-21T12:57:57.919Z,2023-11-20T07:50:43.920Z,20/11/2023,canhabaque,Can_indina,6,8,female,09:37:00.000Z,07:00:00.000Z,,,uuid:86c20d75-ea15-4d97-87c5-dd6116772871,uuid:86c20d75-ea15-4d97-87c5-dd6116772871,704,Assistente,1,1,,,collect:E7vzJqYmDdFPwrom,0,24102023[encrypted:AYulh4LQ]
2023-11-21T12:57:57.386Z,2023-11-20T07:46:46.509Z,20/11/2023,canhabaque,Can_indina,6,25,female,10:00:00.000Z,07:00:00.000Z,Antes de07,,uuid:ba6b2b34-59ca-4d67-a027-d31d6397b6f7,uuid:ba6b2b34-59ca-4d67-a027-d31d6397b6f7,704,Assistente,1,1,,,collect:E7vzJqYmDdFPwrom,0,24102023[encrypted:AYulh4LQ]
2023-11-21T12:57:56.825Z,2023-11-20T07:42:00.626Z,20/11/2023,canhabaque,Can_indina,6,60,female,10:00:00.000Z,06:45:00.000Z,Depois de10,,uuid:ff62407b-3833-484f-8900-585f560e34c0,uuid:ff62407b-3833-484f-8900-585f560e34c0,704,Assistente,1,1,,,collect:E7vzJqYmDdFPwrom,0,24102023[encrypted:AYulh4LQ]
2023-11-15T13:49:57.225Z,2023-11-15T08:55:30.946Z,15/11/2023,bubaque,Bub_bidjana,2,17,male,22:00:00.000Z,07:00:00.000Z,,,uuid:6ab393e9-8316-43c0-af67-138217f15114,uuid:6ab393e9-8316-43c0-af67-138217f15114,704,Assistente,1,1,,,collect:j5WD6L1znBbNoBcc,0,24102023[encrypted:AYulh4LQ]
2023-11-15T13:49:56.708Z,2023-11-15T08:54:06.213Z,15/11/2023,bubaque,Bub_bidjana,2,18,male,22:00:00.000Z,07:00:00.000Z,,,uuid:8571952f-60ae-4568-96b8-8aee4992a0d8,uuid:8571952f-60ae-4568-96b8-8aee4992a0d8,704,Assistente,1,1,,,collect:j5WD6L1znBbNoBcc,0,24102023[encrypted:AYulh4LQ]
2023-11-15T13:49:56.097Z,2023-11-15T08:52:48.783Z,15/11/2023,bubaque,Bub_bidjana,2,27,female,22:00:00.000Z,07:00:00.000Z,,,uuid:f70fa61b-677b-4d93-8af3-b49c609e32d9,uuid:f70fa61b-677b-4d93-8af3-b49c609e32d9,704,Assistente,1,1,,,collect:j5WD6L1znBbNoBcc,0,24102023[encrypted:AYulh4LQ]
2023-11-15T13:49:55.490Z,2023-11-15T08:51:04.243Z,15/11/2023,bubaque,Bub_bidjana,2,13,male,22:00:00.000Z,07:00:00.000Z,,,uuid:c3b8bce1-e165-4bc7-9aab-36be0806ae56,uuid:c3b8bce1-e165-4bc7-9aab-36be0806ae56,704,Assistente,1,1,,,collect:j5WD6L1znBbNoBcc,0,24102023[encrypted:AYulh4LQ]
2023-11-15T13:49:54.922Z,2023-11-15T08:49:15.129Z,15/11/2023,bubaque,Bub_bidjana,2,10,female,22:00:00.000Z,07:00:00.000Z,,,uuid:0ed08cfc-1809-43a3-8c0a-42e0bde6614b,uuid:0ed08cfc-1809-43a3-8c0a-42e0bde6614b,704,Assistente,1,1,,,collect:j5WD6L1znBbNoBcc,0,24102023[encrypted:AYulh4LQ]
2023-11-15T13:49:54.211Z,2023-11-15T08:47:33.065Z,15/11/2023,bubaque,Bub_bidjana,2,5,male,22:00:00.000Z,07:00:00.000Z,,,uuid:fbc89fe9-5a31-4e99-b10e-3038740ff918,uuid:fbc89fe9-5a31-4e99-b10e-3038740ff918,704,Assistente,1,1,,,collect:j5WD6L1znBbNoBcc,0,24102023[encrypted:AYulh4LQ]
2023-11-15T13:49:53.517Z,2023-11-15T08:44:23.810Z,15/11/2023,bubaque,Bub_bidjana,2,0,male,20:15:00.000Z,07:00:00.000Z,,,uuid:7e11b6af-f393-4934-beb0-59d9606bba11,uuid:7e11b6af-f393-4934-beb0-59d9606bba11,704,Assistente,1,1,,,collect:j5WD6L1znBbNoBcc,0,24102023[encrypted:AYulh4LQ]
2023-11-15T13:49:52.987Z,2023-11-15T08:41:52.785Z,15/11/2023,bubaque,Bub_bidjana,2,18,female,22:00:00.000Z,07:00:00.000Z,,,uuid:526f0b60-0683-472e-8d17-a25306099f55,uuid:526f0b60-0683-472e-8d17-a25306099f55,704,Assistente,1,1,,,collect:j5WD6L1znBbNoBcc,0,24102023[encrypted:AYulh4LQ]
2023-11-15T13:49:52.401Z,2023-11-15T08:39:24.543Z,15/11/2023,bubaque,Bub_bidjana,2,31,male,10:00:00.000Z,07:00:00.000Z,0,,uuid:188bd1b9-27f9-4892-8027-3469b579f55e,uuid:188bd1b9-27f9-4892-8027-3469b579f55e,704,Assistente,1,1,,,collect:j5WD6L1znBbNoBcc,0,24102023[encrypted:AYulh4LQ]
2023-11-15T13:49:51.767Z,2023-11-15T08:36:56.754Z,15/11/2023,bubaque,Bub_bidjana,2,32,female,10:00:00.000Z,07:00:00.000Z,0,,uuid:09ddea12-267a-4527-bf04-7dc17532f1d7,uuid:09ddea12-267a-4527-bf04-7dc17532f1d7,704,Assistente,1,1,,,collect:j5WD6L1znBbNoBcc,0,24102023[encrypted:AYulh4LQ]
2023-11-15T13:49:50.979Z,2023-11-15T08:34:02.931Z,15/11/2023,bubaque,Bub_bidjana,2,25,female,20:48:00.000Z,06:49:00.000Z,0,,uuid:7404ccc7-5a81-43c2-bc24-25f446b9835a,uuid:7404ccc7-5a81-43c2-bc24-25f446b9835a,704,Assistente,1,1,,,collect:j5WD6L1znBbNoBcc,0,24102023[encrypted:AYulh4LQ]
2023-11-15T13:49:50.406Z,2023-11-15T08:31:36.447Z,15/11/2023,bubaque,Bub_bidjana,2,55,female,20:49:00.000Z,06:46:00.000Z,0,,uuid:3dd17d67-613f-45f4-85c6-e7a3816944a1,uuid:3dd17d67-613f-45f4-85c6-e7a3816944a1,704,Assistente,1,1,,,collect:j5WD6L1znBbNoBcc,0,24102023[encrypted:AYulh4LQ]
2023-11-15T13:49:49.875Z,2023-11-15T08:27:10.708Z,15/11/2023,bubaque,Bub_bidjana,1,16,female,08:20:00.000Z,10:30:00.000Z,0,,uuid:cf088027-e699-4a39-902f-61c95561effe,uuid:cf088027-e699-4a39-902f-61c95561effe,704,Assistente,1,1,,,collect:j5WD6L1znBbNoBcc,0,24102023[encrypted:AYulh4LQ]
2023-11-15T13:49:49.289Z,2023-11-15T08:23:31.238Z,15/11/2023,bubaque,Bub_bidjana,1,60,female,07:51:00.000Z,06:51:00.000Z,0,,uuid:8ef63fb1-0770-4eab-b7d9-b4ed49730aa1,uuid:8ef63fb1-0770-4eab-b7d9-b4ed49730aa1,704,Assistente,1,1,,,collect:j5WD6L1znBbNoBcc,0,24102023[encrypted:AYulh4LQ]
2023-11-15T13:49:45.735Z,2023-11-14T11:59:11.066Z,14/11/2023,bubaque,Bub_bidjana,9,38,male,21:22:00.000Z,05:59:00.000Z,Nada,,uuid:127aec8d-6032-40f9-bf6e-0edc14eb92c8,uuid:127aec8d-6032-40f9-bf6e-0edc14eb92c8,704,Assistente,1,1,,,collect:j5WD6L1znBbNoBcc,0,24102023[encrypted:AYulh4LQ]
2023-11-15T13:49:45.191Z,2023-11-14T11:29:59.903Z,14/11/2023,bubaque,Bub_bidjana,6,34,male,21:37:00.000Z,07:27:00.000Z,Nada,,uuid:1b0311e7-4c05-4ba7-8dcc-157cf6a0cc73,uuid:1b0311e7-4c05-4ba7-8dcc-157cf6a0cc73,704,Assistente,1,1,,,collect:j5WD6L1znBbNoBcc,0,24102023[encrypted:AYulh4LQ]
2023-11-15T13:49:44.600Z,2023-11-14T11:26:51.318Z,14/11/2023,bubaque,Bub_bidjana,7,55,male,21:30:00.000Z,06:24:00.000Z,Nao ,,uuid:993760f1-607f-447b-ada4-498aa9368bc6,uuid:993760f1-607f-447b-ada4-498aa9368bc6,704,Assistente,1,1,,,collect:j5WD6L1znBbNoBcc,0,24102023[encrypted:AYulh4LQ]
