SubmissionDate,start,date_of_collection,cluster,village,house,position,on,off,AnophelesF,CulesF,AedesF,AnophelesM,CulexM,AedesM,comments_house,meta-instanceID,KEY,SubmitterID,SubmitterName,AttachmentsPresent,AttachmentsExpected,Status,ReviewState,DeviceID,Edits,FormVersion
2023-11-30T16:10:45.576Z,2023-11-30T07:55:45.338Z,29/11/2023,orangogrande,OrGr_eticoga,4,inside,22:04:00.000Z,07:02:00.000Z,0,1,0,0,0,0,N,uuid:80a71796-e4ef-4445-afec-124048b4d4d0,uuid:80a71796-e4ef-4445-afec-124048b4d4d0,704,Assistente,1,1,,,collect:er91NR52R8aKmaRf,0,51123[encrypted:AYulSYYW]
2023-11-30T16:10:44.789Z,2023-11-30T07:54:08.517Z,29/11/2023,orangogrande,OrGr_eticoga,1,outside,04:00:00.000Z,07:09:00.000Z,0,0,0,0,0,0,N,uuid:4cc883b7-7c58-473d-86d5-14923719727e,uuid:4cc883b7-7c58-473d-86d5-14923719727e,704,Assistente,1,1,,,collect:er91NR52R8aKmaRf,0,51123[encrypted:AYulSYYW]
2023-11-30T16:10:44.138Z,2023-11-30T07:51:28.754Z,29/11/2023,orangogrande,OrGr_eticoga,2,inside,22:00:00.000Z,07:00:00.000Z,0,0,0,0,0,0,N,uuid:54cbcd74-a793-4706-885a-3b8e95a73279,uuid:54cbcd74-a793-4706-885a-3b8e95a73279,704,Assistente,1,1,,,collect:er91NR52R8aKmaRf,0,51123[encrypted:AYulSYYW]
2023-11-30T16:10:43.479Z,2023-11-30T07:49:19.531Z,29/11/2023,orangogrande,OrGr_eticoga,1,inside,22:02:00.000Z,07:09:00.000Z,0,2,0,0,0,0,O,uuid:10bcf813-8368-4c0a-81fa-31c84b3bfb37,uuid:10bcf813-8368-4c0a-81fa-31c84b3bfb37,704,Assistente,1,1,,,collect:er91NR52R8aKmaRf,0,51123[encrypted:AYulSYYW]
2023-11-30T16:10:42.850Z,2023-11-30T07:47:24.763Z,29/11/2023,orangogrande,OrGr_eticoga,3,inside,22:01:00.000Z,07:04:00.000Z,0,0,0,0,0,0,N,uuid:f1398bbb-550d-4f44-b866-815987d44b62,uuid:f1398bbb-550d-4f44-b866-815987d44b62,704,Assistente,1,1,,,collect:er91NR52R8aKmaRf,0,51123[encrypted:AYulSYYW]
2023-11-30T16:10:42.308Z,2023-11-30T07:44:23.662Z,29/11/2023,orangogrande,OrGr_eticoga,5,inside,22:00:00.000Z,07:00:00.000Z,1,1,0,0,0,0,N,uuid:393f729c-24ee-430c-b932-9edfe5171cf3,uuid:393f729c-24ee-430c-b932-9edfe5171cf3,704,Assistente,1,1,,,collect:er91NR52R8aKmaRf,0,51123[encrypted:AYulSYYW]
2023-11-30T16:10:41.775Z,2023-11-29T09:38:58.586Z,28/11/2023,orangogrande,OrGr_eticoga,,farmland,18:47:00.000Z,07:30:00.000Z,0,1,0,0,0,0,,uuid:c5877a3a-0a7c-4478-bb24-d0989f8ee67d,uuid:c5877a3a-0a7c-4478-bb24-d0989f8ee67d,704,Assistente,1,1,,,collect:er91NR52R8aKmaRf,0,51123[encrypted:AYulSYYW]
2023-11-30T16:10:41.175Z,2023-11-29T09:36:47.747Z,28/11/2023,orangogrande,OrGr_eticoga,5,outside,01:00:00.000Z,04:00:00.000Z,0,2,0,0,2,0,,uuid:8e4605d5-aad9-477e-95c2-98cdca4b26be,uuid:8e4605d5-aad9-477e-95c2-98cdca4b26be,704,Assistente,1,1,,,collect:er91NR52R8aKmaRf,0,51123[encrypted:AYulSYYW]
2023-11-30T16:10:40.527Z,2023-11-29T09:35:32.479Z,28/11/2023,orangogrande,OrGr_eticoga,1,outside,01:05:00.000Z,04:10:00.000Z,0,0,0,0,0,0,,uuid:9e494780-bce5-4c1d-9c68-9620ccf5824f,uuid:9e494780-bce5-4c1d-9c68-9620ccf5824f,704,Assistente,1,1,,,collect:er91NR52R8aKmaRf,0,51123[encrypted:AYulSYYW]
2023-11-30T16:10:39.834Z,2023-11-29T09:33:52.232Z,28/11/2023,orangogrande,OrGr_eticoga,1,outside,22:00:00.000Z,01:00:00.000Z,0,1,0,0,0,0,,uuid:363671ed-ebdd-4a38-bfb9-61d4c677c9e1,uuid:363671ed-ebdd-4a38-bfb9-61d4c677c9e1,704,Assistente,1,1,,,collect:er91NR52R8aKmaRf,0,51123[encrypted:AYulSYYW]
2023-11-30T16:10:39.221Z,2023-11-29T09:32:36.714Z,28/11/2023,orangogrande,OrGr_eticoga,1,outside,22:03:00.000Z,01:05:00.000Z,0,1,0,0,4,0,,uuid:6e3f2c45-5ec7-489c-9d5b-6d016edd79f4,uuid:6e3f2c45-5ec7-489c-9d5b-6d016edd79f4,704,Assistente,1,1,,,collect:er91NR52R8aKmaRf,0,51123[encrypted:AYulSYYW]
2023-11-30T16:10:38.589Z,2023-11-29T09:31:30.820Z,28/11/2023,orangogrande,OrGr_eticoga,5,outside,21:02:00.000Z,22:00:00.000Z,0,0,0,0,0,0,,uuid:6bf8cf93-4cf6-4551-9893-2d9ee1fbf8e8,uuid:6bf8cf93-4cf6-4551-9893-2d9ee1fbf8e8,704,Assistente,1,1,,,collect:er91NR52R8aKmaRf,0,51123[encrypted:AYulSYYW]
2023-11-30T16:10:37.802Z,2023-11-29T09:30:30.084Z,28/11/2023,orangogrande,OrGr_eticoga,5,inside,19:43:00.000Z,22:00:00.000Z,0,0,0,0,0,0,,uuid:9e2d3c37-29ed-4256-bd1f-bf4622c4304a,uuid:9e2d3c37-29ed-4256-bd1f-bf4622c4304a,704,Assistente,1,1,,,collect:er91NR52R8aKmaRf,0,51123[encrypted:AYulSYYW]
2023-11-30T16:10:37.216Z,2023-11-29T09:28:14.213Z,28/11/2023,orangogrande,OrGr_eticoga,5,outside,20:01:00.000Z,21:02:00.000Z,0,0,0,0,0,0,,uuid:a0838d73-bc84-45f2-96ed-a31802c08f89,uuid:a0838d73-bc84-45f2-96ed-a31802c08f89,704,Assistente,1,1,,,collect:er91NR52R8aKmaRf,0,51123[encrypted:AYulSYYW]
2023-11-30T16:10:36.466Z,2023-11-29T09:26:59.890Z,28/11/2023,orangogrande,OrGr_eticoga,5,outside,19:00:00.000Z,20:09:00.000Z,0,0,0,0,0,0,,uuid:210e43b7-5b08-4046-b874-021cb7a2a417,uuid:210e43b7-5b08-4046-b874-021cb7a2a417,704,Assistente,1,1,,,collect:er91NR52R8aKmaRf,0,51123[encrypted:AYulSYYW]
2023-11-30T16:10:35.788Z,2023-11-29T09:26:03.185Z,28/11/2023,orangogrande,OrGr_eticoga,5,outside,18:00:00.000Z,19:00:00.000Z,0,0,0,0,0,0,,uuid:e88424b0-5bcc-46a2-944c-493ab835cf34,uuid:e88424b0-5bcc-46a2-944c-493ab835cf34,704,Assistente,1,1,,,collect:er91NR52R8aKmaRf,0,51123[encrypted:AYulSYYW]
2023-11-30T16:09:24.772Z,2023-11-29T10:17:48.087Z,28/11/2023,orangogrande,OrGr_eticoga,5,outside,09:06:00.000Z,10:00:00.000Z,0,0,0,0,0,0,Nada,uuid:9f8563ed-0821-4bfc-83b1-564a9447836f,uuid:9f8563ed-0821-4bfc-83b1-564a9447836f,704,Assistente,1,1,,,collect:7ERgyK7KvWeVFiSJ,0,51123[encrypted:AYulSYYW]
2023-11-30T16:08:02.900Z,2023-11-30T09:10:05.362Z,29/11/2023,orangogrande,OrGr_eticoga,,farmland,19:10:00.000Z,19:05:00.000Z,0,0,0,0,0,0,Nada,uuid:fafec05d-ac35-44da-809c-dae5177f985e,uuid:fafec05d-ac35-44da-809c-dae5177f985e,704,Assistente,1,1,,,collect:E7vzJqYmDdFPwrom,0,51123[encrypted:AYulSYYW]
2023-11-30T16:08:02.059Z,2023-11-30T09:05:47.947Z,29/11/2023,orangogrande,OrGr_eticoga,5,outside,08:00:00.000Z,09:00:00.000Z,0,0,0,0,0,0,Nada,uuid:33baf7c6-40ce-48f8-a061-c0c11bc97e70,uuid:33baf7c6-40ce-48f8-a061-c0c11bc97e70,704,Assistente,1,1,,,collect:E7vzJqYmDdFPwrom,0,51123[encrypted:AYulSYYW]
2023-11-30T16:08:01.062Z,2023-11-30T09:04:26.904Z,29/11/2023,orangogrande,OrGr_eticoga,5,outside,07:00:00.000Z,08:00:00.000Z,0,0,0,0,0,0,Nada,uuid:a853fa1d-7cbb-4030-9686-2aab50cb1fac,uuid:a853fa1d-7cbb-4030-9686-2aab50cb1fac,704,Assistente,1,1,,,collect:E7vzJqYmDdFPwrom,0,51123[encrypted:AYulSYYW]
2023-11-30T16:07:59.780Z,2023-11-30T08:20:15.462Z,30/11/2023,orangogrande,OrGr_eticoga,5,farmland,04:02:00.000Z,07:00:00.000Z,0,0,0,0,0,0,,uuid:e673ed92-dcfe-4a66-9428-26d1c646bcc1,uuid:e673ed92-dcfe-4a66-9428-26d1c646bcc1,704,Assistente,1,1,,,collect:E7vzJqYmDdFPwrom,0,51123[encrypted:AYulSYYW]
2023-11-30T16:07:59.011Z,2023-11-30T08:18:39.438Z,30/11/2023,orangogrande,OrGr_eticoga,5,outside,01:00:00.000Z,04:02:00.000Z,0,0,0,0,0,0,,uuid:dbb2ad32-d32a-4bc1-ba6a-97a4c8df88c4,uuid:dbb2ad32-d32a-4bc1-ba6a-97a4c8df88c4,704,Assistente,1,1,,,collect:E7vzJqYmDdFPwrom,0,51123[encrypted:AYulSYYW]
2023-11-30T16:07:58.274Z,2023-11-30T08:13:30.888Z,30/11/2023,orangogrande,OrGr_eticoga,1,outside,01:04:00.000Z,04:00:00.000Z,0,1,0,0,1,0,,uuid:60f7cdae-8a3c-4938-9dcc-92d20e0fe827,uuid:60f7cdae-8a3c-4938-9dcc-92d20e0fe827,704,Assistente,1,1,,,collect:E7vzJqYmDdFPwrom,0,51123[encrypted:AYulSYYW]
2023-11-30T16:07:57.602Z,2023-11-30T08:11:04.798Z,30/11/2023,orangogrande,OrGr_eticoga,5,outside,22:00:00.000Z,01:02:00.000Z,0,0,0,0,0,0,,uuid:62e7e546-ab02-41b1-9401-dcb62c832e79,uuid:62e7e546-ab02-41b1-9401-dcb62c832e79,704,Assistente,1,1,,,collect:E7vzJqYmDdFPwrom,0,51123[encrypted:AYulSYYW]
2023-11-30T16:07:57.078Z,2023-11-30T08:09:13.050Z,30/11/2023,orangogrande,OrGr_eticoga,1,outside,22:05:00.000Z,01:02:00.000Z,0,0,0,0,0,0,,uuid:8106d584-07b8-4bbd-9cf2-3e3ccaa1b196,uuid:8106d584-07b8-4bbd-9cf2-3e3ccaa1b196,704,Assistente,1,1,,,collect:E7vzJqYmDdFPwrom,0,51123[encrypted:AYulSYYW]
2023-11-30T16:07:56.594Z,2023-11-30T08:06:49.022Z,30/11/2023,orangogrande,OrGr_eticoga,3,inside,19:15:00.000Z,22:15:00.000Z,0,2,0,0,0,0,,uuid:82d2cb5f-1a38-47ca-aa63-841cace0a6ed,uuid:82d2cb5f-1a38-47ca-aa63-841cace0a6ed,704,Assistente,1,1,,,collect:E7vzJqYmDdFPwrom,0,51123[encrypted:AYulSYYW]
2023-11-30T16:07:55.874Z,2023-11-30T08:05:11.847Z,30/11/2023,orangogrande,OrGr_eticoga,2,inside,19:08:00.000Z,22:00:00.000Z,0,1,0,0,0,0,,uuid:194e50ae-7f8a-46c2-ab2d-3bfe3e2bb6e4,uuid:194e50ae-7f8a-46c2-ab2d-3bfe3e2bb6e4,704,Assistente,1,1,,,collect:E7vzJqYmDdFPwrom,0,51123[encrypted:AYulSYYW]
2023-11-30T16:07:55.149Z,2023-11-30T08:03:35.582Z,30/11/2023,orangogrande,OrGr_eticoga,4,inside,19:04:00.000Z,22:04:00.000Z,0,0,0,0,0,0,,uuid:cfb981fe-836a-4953-ad0e-a6d12bf4bac8,uuid:cfb981fe-836a-4953-ad0e-a6d12bf4bac8,704,Assistente,1,1,,,collect:E7vzJqYmDdFPwrom,0,51123[encrypted:AYulSYYW]
2023-11-30T16:07:54.485Z,2023-11-30T08:01:44.783Z,30/11/2023,orangogrande,OrGr_eticoga,5,inside,19:02:00.000Z,22:00:00.000Z,0,9,0,0,0,0,,uuid:4956bc05-0885-4092-965f-6ced9989e7a7,uuid:4956bc05-0885-4092-965f-6ced9989e7a7,704,Assistente,1,1,,,collect:E7vzJqYmDdFPwrom,0,51123[encrypted:AYulSYYW]
2023-11-30T16:07:53.768Z,2023-11-30T07:58:35.214Z,30/11/2023,orangogrande,OrGr_eticoga,1,outside,19:00:00.000Z,22:00:00.000Z,0,0,0,0,0,0,,uuid:e1385b93-229c-4cc2-bbe3-781ab1c12385,uuid:e1385b93-229c-4cc2-bbe3-781ab1c12385,704,Assistente,1,1,,,collect:E7vzJqYmDdFPwrom,0,51123[encrypted:AYulSYYW]
2023-11-30T16:07:52.997Z,2023-11-30T07:55:54.761Z,30/11/2023,orangogrande,OrGr_eticoga,1,inside,19:00:00.000Z,22:00:00.000Z,0,11,0,0,0,0,,uuid:6f73ad1f-44a0-426e-b0fa-e58ec8eba211,uuid:6f73ad1f-44a0-426e-b0fa-e58ec8eba211,704,Assistente,1,1,,,collect:E7vzJqYmDdFPwrom,0,51123[encrypted:AYulSYYW]
2023-11-30T16:07:52.261Z,2023-11-30T07:54:35.488Z,30/11/2023,orangogrande,OrGr_eticoga,5,outside,21:00:00.000Z,22:00:00.000Z,0,0,0,0,0,0,,uuid:2f2c5d02-b1d4-4603-b974-9cc18a5152e8,uuid:2f2c5d02-b1d4-4603-b974-9cc18a5152e8,704,Assistente,1,1,,,collect:E7vzJqYmDdFPwrom,0,51123[encrypted:AYulSYYW]
2023-11-30T16:07:51.479Z,2023-11-30T07:51:39.398Z,30/11/2023,orangogrande,OrGr_eticoga,5,outside,20:00:00.000Z,21:00:00.000Z,0,0,0,0,0,0,,uuid:8017dc71-222c-4413-9b60-15b70245c1ad,uuid:8017dc71-222c-4413-9b60-15b70245c1ad,704,Assistente,1,1,,,collect:E7vzJqYmDdFPwrom,0,51123[encrypted:AYulSYYW]
2023-11-30T16:07:50.344Z,2023-11-30T07:50:21.980Z,30/11/2023,orangogrande,OrGr_eticoga,5,outside,20:00:00.000Z,21:00:00.000Z,0,0,0,0,0,0,,uuid:c7e39348-ef95-4e95-bb7f-b6cc7b7e8187,uuid:c7e39348-ef95-4e95-bb7f-b6cc7b7e8187,704,Assistente,1,1,,,collect:E7vzJqYmDdFPwrom,0,51123[encrypted:AYulSYYW]
2023-11-30T16:07:49.774Z,2023-11-30T07:46:35.991Z,30/11/2023,orangogrande,OrGr_eticoga,5,outside,19:00:00.000Z,20:00:00.000Z,0,0,0,0,0,0,,uuid:b7ec54c1-1938-4e78-a59b-c008c250a6e7,uuid:b7ec54c1-1938-4e78-a59b-c008c250a6e7,704,Assistente,1,1,,,collect:E7vzJqYmDdFPwrom,0,51123[encrypted:AYulSYYW]
2023-11-30T16:07:49.299Z,2023-11-30T07:43:42.668Z,30/11/2023,orangogrande,OrGr_eticoga,5,outside,18:00:00.000Z,19:00:00.000Z,0,0,0,0,0,0,,uuid:0295d98e-a7cb-4131-9be6-b98864d0abd7,uuid:0295d98e-a7cb-4131-9be6-b98864d0abd7,704,Assistente,1,1,,,collect:E7vzJqYmDdFPwrom,0,51123[encrypted:AYulSYYW]
2023-11-30T16:07:47.428Z,2023-11-29T09:43:41.924Z,28/11/2023,orangogrande,OrGr_eticoga,5,outside,08:11:00.000Z,09:06:00.000Z,0,0,0,0,0,0,Nada,uuid:f7c9035e-33d3-452c-b9f7-c9b0e54d5598,uuid:f7c9035e-33d3-452c-b9f7-c9b0e54d5598,704,Assistente,1,1,,,collect:E7vzJqYmDdFPwrom,0,51123[encrypted:AYulSYYW]
2023-11-30T16:07:46.787Z,2023-11-29T09:42:14.380Z,28/11/2023,orangogrande,OrGr_eticoga,5,outside,07:15:00.000Z,08:11:00.000Z,0,0,0,0,0,0,Nada,uuid:93eaffc3-a5f4-4dc5-809b-cdd8b514774a,uuid:93eaffc3-a5f4-4dc5-809b-cdd8b514774a,704,Assistente,1,1,,,collect:E7vzJqYmDdFPwrom,0,51123[encrypted:AYulSYYW]
2023-11-30T16:07:46.140Z,2023-11-29T09:40:54.579Z,28/11/2023,orangogrande,OrGr_eticoga,5,outside,07:15:00.000Z,08:11:00.000Z,0,0,0,0,0,0,Nada,uuid:dd487ba2-682d-4904-95ff-ee77f703bbb8,uuid:dd487ba2-682d-4904-95ff-ee77f703bbb8,704,Assistente,1,1,,,collect:E7vzJqYmDdFPwrom,0,51123[encrypted:AYulSYYW]
2023-11-30T16:07:45.645Z,2023-11-29T09:39:07.683Z,28/11/2023,orangogrande,OrGr_eticoga,1,outside,04:10:00.000Z,07:06:00.000Z,0,0,0,0,0,0,Nada,uuid:0117fe36-1fff-4f2d-889a-cf3e529fb4d7,uuid:0117fe36-1fff-4f2d-889a-cf3e529fb4d7,704,Assistente,1,1,,,collect:E7vzJqYmDdFPwrom,0,51123[encrypted:AYulSYYW]
2023-11-30T16:07:45.106Z,2023-11-29T09:36:05.047Z,28/11/2023,orangogrande,OrGr_eticoga,5,inside,22:02:00.000Z,07:06:00.000Z,0,0,0,0,0,0,Nada,uuid:441c3945-41b1-4d43-829e-efcec8677211,uuid:441c3945-41b1-4d43-829e-efcec8677211,704,Assistente,1,1,,,collect:E7vzJqYmDdFPwrom,0,51123[encrypted:AYulSYYW]
2023-11-30T16:07:44.434Z,2023-11-29T09:34:18.194Z,28/11/2023,orangogrande,OrGr_eticoga,5,inside,22:05:00.000Z,07:10:00.000Z,0,1,0,0,0,0,Nada,uuid:5024d671-1fa5-4ced-89e4-5974d1290be8,uuid:5024d671-1fa5-4ced-89e4-5974d1290be8,704,Assistente,1,1,,,collect:E7vzJqYmDdFPwrom,0,51123[encrypted:AYulSYYW]
2023-11-30T16:07:43.669Z,2023-11-29T09:32:29.092Z,28/11/2023,orangogrande,OrGr_eticoga,5,outside,04:08:00.000Z,07:07:00.000Z,0,0,0,0,0,0, Nada,uuid:121352c7-edda-4b47-b707-e35be76eebb2,uuid:121352c7-edda-4b47-b707-e35be76eebb2,704,Assistente,1,1,,,collect:E7vzJqYmDdFPwrom,0,51123[encrypted:AYulSYYW]
2023-11-30T16:07:43.000Z,2023-11-29T09:29:56.903Z,28/11/2023,orangogrande,OrGr_eticoga,1,inside,22:07:00.000Z,07:05:00.000Z,1,2,0,0,0,0,Nada,uuid:582f5931-6117-477a-9aeb-d9a259820e3d,uuid:582f5931-6117-477a-9aeb-d9a259820e3d,704,Assistente,1,1,,,collect:E7vzJqYmDdFPwrom,0,51123[encrypted:AYulSYYW]
2023-11-30T16:07:42.496Z,2023-11-29T09:28:27.392Z,28/11/2023,orangogrande,OrGr_eticoga,4,inside,22:06:00.000Z,07:02:00.000Z,0,1,0,0,0,0,Nada,uuid:34f8bc7a-7b09-4854-9916-f4e0d2ca8d7a,uuid:34f8bc7a-7b09-4854-9916-f4e0d2ca8d7a,704,Assistente,1,1,,,collect:E7vzJqYmDdFPwrom,0,51123[encrypted:AYulSYYW]
2023-11-30T16:07:41.991Z,2023-11-29T09:26:43.747Z,28/11/2023,orangogrande,OrGr_eticoga,2,inside,22:00:00.000Z,07:05:00.000Z,1,0,0,0,0,0,Nada,uuid:dc8498b7-002e-47b6-ad2f-e6a642480fed,uuid:dc8498b7-002e-47b6-ad2f-e6a642480fed,704,Assistente,1,1,,,collect:E7vzJqYmDdFPwrom,0,51123[encrypted:AYulSYYW]
2023-11-30T16:07:41.292Z,2023-11-29T09:25:14.661Z,28/11/2023,orangogrande,OrGr_eticoga,2,inside,22:00:00.000Z,07:05:00.000Z,0,1,0,0,0,0,Nada,uuid:5d3139c8-c802-4a80-91ae-d9da87f18c01,uuid:5d3139c8-c802-4a80-91ae-d9da87f18c01,704,Assistente,1,1,,,collect:E7vzJqYmDdFPwrom,0,51123[encrypted:AYulSYYW]
2023-11-30T16:07:40.731Z,2023-11-29T09:23:25.598Z,28/11/2023,orangogrande,OrGr_eticoga,3,inside,22:03:00.000Z,07:03:00.000Z,0,0,0,0,0,0,Nada,uuid:c19c2072-b1ae-4bc3-98eb-b9406c426c23,uuid:c19c2072-b1ae-4bc3-98eb-b9406c426c23,704,Assistente,1,1,,,collect:E7vzJqYmDdFPwrom,0,51123[encrypted:AYulSYYW]
2023-11-30T16:07:40.084Z,2023-11-29T09:21:34.789Z,28/11/2023,orangogrande,OrGr_eticoga,4,inside,19:02:00.000Z,22:06:00.000Z,0,3,0,0,0,0,Nada,uuid:8c151302-a88c-4a19-8bf7-d11f422d1bab,uuid:8c151302-a88c-4a19-8bf7-d11f422d1bab,704,Assistente,1,1,,,collect:E7vzJqYmDdFPwrom,0,51123[encrypted:AYulSYYW]
2023-11-30T16:07:39.532Z,2023-11-29T09:19:51.895Z,28/11/2023,orangogrande,OrGr_eticoga,3,inside,19:22:00.000Z,22:03:00.000Z,0,1,0,0,0,0,Nada,uuid:95b15af1-3074-436a-b548-5c3404cda587,uuid:95b15af1-3074-436a-b548-5c3404cda587,704,Assistente,1,1,,,collect:E7vzJqYmDdFPwrom,0,51123[encrypted:AYulSYYW]
2023-11-30T16:07:39.070Z,2023-11-29T09:18:06.134Z,28/11/2023,orangogrande,OrGr_eticoga,2,inside,19:02:00.000Z,22:00:00.000Z,0,0,0,0,0,0,Nada,uuid:8de2bb39-891e-43bc-b536-5eb3a861018b,uuid:8de2bb39-891e-43bc-b536-5eb3a861018b,704,Assistente,1,1,,,collect:E7vzJqYmDdFPwrom,0,51123[encrypted:AYulSYYW]
2023-11-30T16:07:38.372Z,2023-11-29T09:16:38.575Z,28/11/2023,orangogrande,OrGr_eticoga,1,inside,19:05:00.000Z,22:10:00.000Z,0,0,0,0,0,0,Nada,uuid:40249ab8-b845-4eb2-b999-9a6ee2d06009,uuid:40249ab8-b845-4eb2-b999-9a6ee2d06009,704,Assistente,1,1,,,collect:E7vzJqYmDdFPwrom,0,51123[encrypted:AYulSYYW]
2023-11-30T16:07:37.813Z,2023-11-29T09:14:47.370Z,28/11/2023,orangogrande,OrGr_eticoga,1,outside,19:05:00.000Z,22:12:00.000Z,0,0,0,0,0,0,Nada,uuid:bdf39b99-67d8-4813-8882-d7d0d130fbe1,uuid:bdf39b99-67d8-4813-8882-d7d0d130fbe1,704,Assistente,1,1,,,collect:E7vzJqYmDdFPwrom,0,51123[encrypted:AYulSYYW]
2023-11-27T15:26:44.830Z,2023-11-26T07:54:10.801Z,25/11/2023,canogo,Can_amnequem,,farmland,19:00:00.000Z,19:00:00.000Z,0,2,0,0,0,0,,uuid:228bdd4b-98fc-4d8e-9e86-d0ae0108bd72,uuid:228bdd4b-98fc-4d8e-9e86-d0ae0108bd72,704,Assistente,1,1,,,collect:7ERgyK7KvWeVFiSJ,0,51123[encrypted:AYulSYYW]
2023-11-27T15:22:13.686Z,2023-11-27T11:06:46.901Z,26/11/2023,canogo,Can_amnequem,3,outside,09:00:00.000Z,10:02:00.000Z,0,0,0,0,0,0,,uuid:d6d90d5d-adcf-444c-a2f8-91ddf6f12968,uuid:d6d90d5d-adcf-444c-a2f8-91ddf6f12968,704,Assistente,1,1,,,collect:E7vzJqYmDdFPwrom,0,51123[encrypted:AYulSYYW]
2023-11-27T15:22:13.105Z,2023-11-27T11:05:58.535Z,26/11/2023,canogo,Can_amnequem,3,outside,08:00:00.000Z,09:00:00.000Z,0,0,0,0,0,0,,uuid:89b9d1cc-c97d-432e-ad52-7a4f98396cb6,uuid:89b9d1cc-c97d-432e-ad52-7a4f98396cb6,704,Assistente,1,1,,,collect:E7vzJqYmDdFPwrom,0,51123[encrypted:AYulSYYW]
2023-11-27T15:22:12.286Z,2023-11-27T11:05:11.372Z,26/11/2023,canogo,Can_amnequem,3,outside,07:00:00.000Z,08:00:00.000Z,0,0,0,0,0,0,,uuid:42be3de0-b7c2-4d7e-9d62-bc7d5c2f5a63,uuid:42be3de0-b7c2-4d7e-9d62-bc7d5c2f5a63,704,Assistente,1,1,,,collect:E7vzJqYmDdFPwrom,0,51123[encrypted:AYulSYYW]
2023-11-27T15:22:11.452Z,2023-11-27T11:04:20.624Z,26/11/2023,canogo,Can_amnequem,,farmland,19:00:00.000Z,07:30:00.000Z,0,13,0,0,0,0,,uuid:ecfc25e6-5616-44df-8dbf-369546079c79,uuid:ecfc25e6-5616-44df-8dbf-369546079c79,704,Assistente,1,1,,,collect:E7vzJqYmDdFPwrom,0,51123[encrypted:AYulSYYW]
2023-11-27T15:22:10.790Z,2023-11-27T11:03:32.585Z,26/11/2023,canogo,Can_amnequem,3,outside,04:00:00.000Z,07:00:00.000Z,0,0,0,0,0,0,,uuid:7806f911-e755-468c-b6b4-13f38796c796,uuid:7806f911-e755-468c-b6b4-13f38796c796,704,Assistente,1,1,,,collect:E7vzJqYmDdFPwrom,0,51123[encrypted:AYulSYYW]
2023-11-27T15:22:09.829Z,2023-11-27T11:02:27.629Z,26/11/2023,canogo,Can_amnequem,3,inside,22:00:00.000Z,07:00:00.000Z,0,0,0,0,0,0,,uuid:fa101507-40bf-4d89-b83c-ca7798443444,uuid:fa101507-40bf-4d89-b83c-ca7798443444,704,Assistente,1,1,,,collect:E7vzJqYmDdFPwrom,0,51123[encrypted:AYulSYYW]
2023-11-27T15:22:08.719Z,2023-11-27T11:01:20.703Z,26/11/2023,canogo,Can_amnequem,2,inside,22:00:00.000Z,07:00:00.000Z,0,2,0,0,0,0,,uuid:91da69c6-d77b-4716-9643-454278a24a66,uuid:91da69c6-d77b-4716-9643-454278a24a66,704,Assistente,1,1,,,collect:E7vzJqYmDdFPwrom,0,51123[encrypted:AYulSYYW]
2023-11-27T15:22:07.849Z,2023-11-27T11:00:29.037Z,26/11/2023,canogo,Can_amnequem,1,outside,04:00:00.000Z,07:00:00.000Z,0,0,0,0,0,0,,uuid:b9ad9ec7-9ea3-41e1-9f0c-3e37ea27b2b6,uuid:b9ad9ec7-9ea3-41e1-9f0c-3e37ea27b2b6,704,Assistente,1,1,,,collect:E7vzJqYmDdFPwrom,0,51123[encrypted:AYulSYYW]
2023-11-27T15:22:07.214Z,2023-11-27T10:59:23.923Z,26/11/2023,canogo,Can_amnequem,5,inside,22:05:00.000Z,07:00:00.000Z,3,1,0,0,0,0,,uuid:12912e9b-e58e-480a-8d74-aeb7382b8142,uuid:12912e9b-e58e-480a-8d74-aeb7382b8142,704,Assistente,1,1,,,collect:E7vzJqYmDdFPwrom,0,51123[encrypted:AYulSYYW]
2023-11-27T15:22:06.792Z,2023-11-27T10:58:09.518Z,26/11/2023,canogo,Can_amnequem,5,inside,22:05:00.000Z,07:00:00.000Z,1,0,0,0,0,0, ,uuid:406e8c06-3009-4174-8a63-7d1cb877fbbd,uuid:406e8c06-3009-4174-8a63-7d1cb877fbbd,704,Assistente,1,1,,,collect:E7vzJqYmDdFPwrom,0,51123[encrypted:AYulSYYW]
2023-11-27T15:22:05.404Z,2023-11-27T10:56:55.375Z,26/11/2023,canogo,Can_amnequem,4,inside,22:02:00.000Z,07:00:00.000Z,1,0,0,0,0,0, ,uuid:e8c06a36-8798-4edb-a063-8fb034591fc5,uuid:e8c06a36-8798-4edb-a063-8fb034591fc5,704,Assistente,1,1,,,collect:E7vzJqYmDdFPwrom,0,51123[encrypted:AYulSYYW]
2023-11-27T15:22:03.178Z,2023-11-27T10:55:52.046Z,26/11/2023,canogo,Can_amnequem,2,inside,22:04:00.000Z,07:08:00.000Z,0,0,0,0,0,0,,uuid:0399953a-37bf-43fb-b68a-5f0d9f9d1ab4,uuid:0399953a-37bf-43fb-b68a-5f0d9f9d1ab4,704,Assistente,1,1,,,collect:E7vzJqYmDdFPwrom,0,51123[encrypted:AYulSYYW]
2023-11-27T15:22:01.758Z,2023-11-27T10:53:54.629Z,26/11/2023,canogo,Can_amnequem,1,outside,01:00:00.000Z,04:00:00.000Z,0,0,0,0,0,0,,uuid:5b2aea4f-0246-486d-b081-bc1c28c5c393,uuid:5b2aea4f-0246-486d-b081-bc1c28c5c393,704,Assistente,1,1,,,collect:E7vzJqYmDdFPwrom,0,51123[encrypted:AYulSYYW]
2023-11-27T15:22:00.255Z,2023-11-27T10:52:45.973Z,26/11/2023,canogo,Can_amnequem,3,outside,01:00:00.000Z,04:00:00.000Z,0,0,0,0,0,0,,uuid:15ce3603-7869-40c5-8532-4936131919b8,uuid:15ce3603-7869-40c5-8532-4936131919b8,704,Assistente,1,1,,,collect:E7vzJqYmDdFPwrom,0,51123[encrypted:AYulSYYW]
2023-11-27T15:21:59.530Z,2023-11-27T10:51:40.048Z,26/11/2023,canogo,Can_amnequem,1,outside,22:00:00.000Z,01:00:00.000Z,0,0,0,0,0,0,,uuid:8ae973fa-33f0-4cf6-bbd1-a88eaef277eb,uuid:8ae973fa-33f0-4cf6-bbd1-a88eaef277eb,704,Assistente,1,1,,,collect:E7vzJqYmDdFPwrom,0,51123[encrypted:AYulSYYW]
2023-11-27T15:21:58.947Z,2023-11-27T10:50:09.587Z,26/11/2023,canogo,Can_amnequem,3,outside,22:00:00.000Z,01:00:00.000Z,0,0,0,0,0,0,,uuid:01f064ae-b625-4ffe-a368-fe3b7a861e47,uuid:01f064ae-b625-4ffe-a368-fe3b7a861e47,704,Assistente,1,1,,,collect:E7vzJqYmDdFPwrom,0,51123[encrypted:AYulSYYW]
2023-11-27T15:21:58.079Z,2023-11-27T10:49:09.866Z,26/11/2023,canogo,Can_amnequem,1,inside,19:00:00.000Z,22:00:00.000Z,0,0,0,0,0,0,,uuid:36d1028c-31a6-4cfa-84bf-b4abf7da169b,uuid:36d1028c-31a6-4cfa-84bf-b4abf7da169b,704,Assistente,1,1,,,collect:E7vzJqYmDdFPwrom,0,51123[encrypted:AYulSYYW]
2023-11-27T15:21:56.568Z,2023-11-27T10:48:09.173Z,26/11/2023,canogo,Can_amnequem,1,outside,19:00:00.000Z,22:00:00.000Z,0,0,0,0,0,0,,uuid:9fcf3e6d-54c1-492a-bbcb-8609d79e7954,uuid:9fcf3e6d-54c1-492a-bbcb-8609d79e7954,704,Assistente,1,1,,,collect:E7vzJqYmDdFPwrom,0,51123[encrypted:AYulSYYW]
2023-11-27T15:21:55.362Z,2023-11-27T10:46:46.043Z,26/11/2023,canogo,Can_amnequem,4,inside,19:02:00.000Z,22:02:00.000Z,1,1,0,0,0,0, ,uuid:735520c5-622b-4468-b9b7-8516e7bb3023,uuid:735520c5-622b-4468-b9b7-8516e7bb3023,704,Assistente,1,1,,,collect:E7vzJqYmDdFPwrom,0,51123[encrypted:AYulSYYW]
2023-11-27T15:21:54.557Z,2023-11-27T10:45:42.393Z,26/11/2023,canogo,Can_amnequem,5,inside,19:05:00.000Z,22:06:00.000Z,0,5,0,0,0,0,,uuid:0e671b01-41cb-4fc2-92e1-690ba7594791,uuid:0e671b01-41cb-4fc2-92e1-690ba7594791,704,Assistente,1,1,,,collect:E7vzJqYmDdFPwrom,0,51123[encrypted:AYulSYYW]
2023-11-27T15:21:53.012Z,2023-11-27T10:44:38.416Z,26/11/2023,canogo,Can_amnequem,2,inside,19:15:00.000Z,22:04:00.000Z,0,1,0,0,0,0,,uuid:407abab4-8409-48be-b4a5-56d70dc40910,uuid:407abab4-8409-48be-b4a5-56d70dc40910,704,Assistente,1,1,,,collect:E7vzJqYmDdFPwrom,0,51123[encrypted:AYulSYYW]
2023-11-27T15:21:51.816Z,2023-11-27T10:43:32.085Z,26/11/2023,canogo,Can_amnequem,3,outside,21:00:00.000Z,22:00:00.000Z,0,0,0,0,0,0,,uuid:26b50519-47fd-4ea9-a065-b8382c093a59,uuid:26b50519-47fd-4ea9-a065-b8382c093a59,704,Assistente,1,1,,,collect:E7vzJqYmDdFPwrom,0,51123[encrypted:AYulSYYW]
2023-11-27T15:21:50.876Z,2023-11-27T10:42:34.941Z,26/11/2023,canogo,Can_amnequem,3,inside,19:00:00.000Z,22:00:00.000Z,0,3,0,0,0,0,,uuid:7454669c-e5dd-4aa6-87e9-bc713125d760,uuid:7454669c-e5dd-4aa6-87e9-bc713125d760,704,Assistente,1,1,,,collect:E7vzJqYmDdFPwrom,0,51123[encrypted:AYulSYYW]
2023-11-27T15:21:49.714Z,2023-11-27T10:40:43.516Z,26/11/2023,canogo,Can_amnequem,3,outside,20:00:00.000Z,21:00:00.000Z,0,0,0,0,0,0,,uuid:f4651f1c-b70c-4a6c-856b-16431241a33b,uuid:f4651f1c-b70c-4a6c-856b-16431241a33b,704,Assistente,1,1,,,collect:E7vzJqYmDdFPwrom,0,51123[encrypted:AYulSYYW]
2023-11-27T15:21:48.781Z,2023-11-27T10:39:49.113Z,26/11/2023,canogo,Can_amnequem,3,outside,19:00:00.000Z,20:00:00.000Z,0,0,0,0,0,0,,uuid:dcd24584-8324-406e-8980-e4bebafbb07e,uuid:dcd24584-8324-406e-8980-e4bebafbb07e,704,Assistente,1,1,,,collect:E7vzJqYmDdFPwrom,0,51123[encrypted:AYulSYYW]
2023-11-27T15:21:48.149Z,2023-11-27T10:38:49.727Z,26/11/2023,canogo,Can_amnequem,3,outside,18:00:00.000Z,19:00:00.000Z,0,0,0,0,0,0,,uuid:2753cd19-b06d-4745-a77b-b3e263a1c416,uuid:2753cd19-b06d-4745-a77b-b3e263a1c416,704,Assistente,1,1,,,collect:E7vzJqYmDdFPwrom,0,51123[encrypted:AYulSYYW]
2023-11-27T15:21:10.118Z,2023-11-26T11:06:40.420Z,25/11/2023,canogo,Can_amnequem,3,outside,09:01:00.000Z,10:00:00.000Z,0,0,0,0,0,0,,uuid:5c43c8b2-a1bd-4f65-a5d3-deef2a1fdbd5,uuid:5c43c8b2-a1bd-4f65-a5d3-deef2a1fdbd5,704,Assistente,1,1,,,collect:E7vzJqYmDdFPwrom,0,51123[encrypted:AYulSYYW]
2023-11-27T15:21:08.692Z,2023-11-26T11:05:52.812Z,25/11/2023,canogo,Can_amnequem,3,outside,08:02:00.000Z,09:02:00.000Z,0,0,0,0,0,0,,uuid:627b3d1e-590b-4599-80b3-9b0da6ba4f44,uuid:627b3d1e-590b-4599-80b3-9b0da6ba4f44,704,Assistente,1,1,,,collect:E7vzJqYmDdFPwrom,0,51123[encrypted:AYulSYYW]
2023-11-27T15:21:07.799Z,2023-11-26T11:04:39.283Z,25/11/2023,canogo,Can_amnequem,3,outside,07:01:00.000Z,08:02:00.000Z,0,0,0,0,0,0,,uuid:fabd7256-9906-4129-bd10-872c84f49928,uuid:fabd7256-9906-4129-bd10-872c84f49928,704,Assistente,1,1,,,collect:E7vzJqYmDdFPwrom,0,51123[encrypted:AYulSYYW]
2023-11-27T15:21:06.978Z,2023-11-26T11:03:43.387Z,25/11/2023,canogo,Can_amnequem,3,outside,04:05:00.000Z,07:00:00.000Z,8,0,0,0,0,0,,uuid:5c0517e6-c836-4c0b-b7c9-6366549444e1,uuid:5c0517e6-c836-4c0b-b7c9-6366549444e1,704,Assistente,1,1,,,collect:E7vzJqYmDdFPwrom,0,51123[encrypted:AYulSYYW]
2023-11-27T15:21:06.415Z,2023-11-26T11:02:39.259Z,25/11/2023,canogo,Can_amnequem,3,inside,22:00:00.000Z,07:00:00.000Z,0,0,0,0,0,0,,uuid:d7788042-11fe-44ac-9c90-18a453656d7c,uuid:d7788042-11fe-44ac-9c90-18a453656d7c,704,Assistente,1,1,,,collect:E7vzJqYmDdFPwrom,0,51123[encrypted:AYulSYYW]
2023-11-27T15:21:05.751Z,2023-11-26T11:01:27.034Z,25/11/2023,canogo,Can_amnequem,4,inside,22:03:00.000Z,07:01:00.000Z,1,0,0,0,0,0,,uuid:aaa54916-8c11-4d75-8d05-a8ab2b9f9136,uuid:aaa54916-8c11-4d75-8d05-a8ab2b9f9136,704,Assistente,1,1,,,collect:E7vzJqYmDdFPwrom,0,51123[encrypted:AYulSYYW]
2023-11-27T15:21:05.012Z,2023-11-26T11:00:33.183Z,25/11/2023,canogo,Can_amnequem,1,inside,22:00:00.000Z,07:05:00.000Z,0,0,0,0,0,0,,uuid:46d9be8f-23ee-4073-80c4-5d4a58011fe5,uuid:46d9be8f-23ee-4073-80c4-5d4a58011fe5,704,Assistente,1,1,,,collect:E7vzJqYmDdFPwrom,0,51123[encrypted:AYulSYYW]
2023-11-27T15:21:04.064Z,2023-11-26T10:59:23.015Z,25/11/2023,canogo,Can_amnequem,2,inside,22:07:00.000Z,07:00:00.000Z,1,0,0,0,0,0,,uuid:d2b01b1c-0cb3-4bc0-ab87-44d6d2f5da68,uuid:d2b01b1c-0cb3-4bc0-ab87-44d6d2f5da68,704,Assistente,1,1,,,collect:E7vzJqYmDdFPwrom,0,51123[encrypted:AYulSYYW]
2023-11-27T15:21:03.331Z,2023-11-26T10:58:06.191Z,25/11/2023,canogo,Can_amnequem,6,inside,22:07:00.000Z,07:05:00.000Z,0,0,0,0,0,0,,uuid:c87e0c66-3e8f-4e22-bddc-81edf8271cfa,uuid:c87e0c66-3e8f-4e22-bddc-81edf8271cfa,704,Assistente,1,1,,,collect:E7vzJqYmDdFPwrom,0,51123[encrypted:AYulSYYW]
2023-11-27T15:21:02.723Z,2023-11-26T10:55:29.207Z,25/11/2023,canogo,Can_amnequem,1,outside,04:02:00.000Z,07:00:00.000Z,0,0,0,0,0,0,,uuid:18c50cfd-70ed-46cc-aad5-d3381b96f8bb,uuid:18c50cfd-70ed-46cc-aad5-d3381b96f8bb,704,Assistente,1,1,,,collect:E7vzJqYmDdFPwrom,0,51123[encrypted:AYulSYYW]
2023-11-27T15:21:02.048Z,2023-11-26T10:54:19.502Z,25/11/2023,canogo,Can_amnequem,3,outside,01:00:00.000Z,04:00:00.000Z,0,0,0,0,0,0,,uuid:3d3dc074-98ca-4b41-b10b-14c3ea5b70a4,uuid:3d3dc074-98ca-4b41-b10b-14c3ea5b70a4,704,Assistente,1,1,,,collect:E7vzJqYmDdFPwrom,0,51123[encrypted:AYulSYYW]
2023-11-27T15:21:01.269Z,2023-11-26T10:53:10.511Z,25/11/2023,canogo,Can_amnequem,1,outside,01:10:00.000Z,04:10:00.000Z,0,0,0,0,0,0, ,uuid:9a9d7148-cf19-4f58-8b39-2b15731979a9,uuid:9a9d7148-cf19-4f58-8b39-2b15731979a9,704,Assistente,1,1,,,collect:E7vzJqYmDdFPwrom,0,51123[encrypted:AYulSYYW]
2023-11-27T15:21:00.644Z,2023-11-26T10:52:15.825Z,25/11/2023,canogo,Can_amnequem,3,outside,22:50:00.000Z,01:05:00.000Z,0,0,0,0,0,0,,uuid:7794c7d3-1ee8-4f98-9ffb-c601f3092372,uuid:7794c7d3-1ee8-4f98-9ffb-c601f3092372,704,Assistente,1,1,,,collect:E7vzJqYmDdFPwrom,0,51123[encrypted:AYulSYYW]
2023-11-27T15:20:59.997Z,2023-11-26T10:51:04.067Z,25/11/2023,canogo,Can_amnequem,1,outside,22:00:00.000Z,01:00:00.000Z,0,0,0,0,0,0,,uuid:927d5018-4c2d-4f9e-99f8-f969e4a4af37,uuid:927d5018-4c2d-4f9e-99f8-f969e4a4af37,704,Assistente,1,1,,,collect:E7vzJqYmDdFPwrom,0,51123[encrypted:AYulSYYW]
2023-11-27T15:20:59.212Z,2023-11-26T10:49:55.819Z,25/11/2023,canogo,Can_amnequem,3,outside,21:00:00.000Z,22:00:00.000Z,0,0,0,0,0,0,,uuid:c81525cf-9677-4d93-9da4-c423f51b3085,uuid:c81525cf-9677-4d93-9da4-c423f51b3085,704,Assistente,1,1,,,collect:E7vzJqYmDdFPwrom,0,51123[encrypted:AYulSYYW]
2023-11-27T15:20:58.690Z,2023-11-26T10:48:42.081Z,25/11/2023,canogo,Can_amnequem,3,inside,19:00:00.000Z,22:00:00.000Z,0,0,0,0,0,0,,uuid:7db7124e-58e2-4566-8e05-256ec08ba9dc,uuid:7db7124e-58e2-4566-8e05-256ec08ba9dc,704,Assistente,1,1,,,collect:E7vzJqYmDdFPwrom,0,51123[encrypted:AYulSYYW]
2023-11-27T15:20:58.234Z,2023-11-26T10:47:22.816Z,25/11/2023,canogo,Can_amnequem,1,outside,19:00:00.000Z,22:00:00.000Z,0,0,0,0,0,0,,uuid:172fa5be-5d69-4249-91bb-20d078f0be82,uuid:172fa5be-5d69-4249-91bb-20d078f0be82,704,Assistente,1,1,,,collect:E7vzJqYmDdFPwrom,0,51123[encrypted:AYulSYYW]
2023-11-27T15:20:57.443Z,2023-11-26T10:46:07.434Z,25/11/2023,canogo,Can_amnequem,4,inside,19:25:00.000Z,22:00:00.000Z,0,2,0,0,0,0,,uuid:4312fa8c-cb8d-4976-9b46-9cdc0d052c3e,uuid:4312fa8c-cb8d-4976-9b46-9cdc0d052c3e,704,Assistente,1,1,,,collect:E7vzJqYmDdFPwrom,0,51123[encrypted:AYulSYYW]
2023-11-27T15:20:56.735Z,2023-11-26T10:44:53.131Z,25/11/2023,canogo,Can_amnequem,1,inside,19:51:00.000Z,22:00:00.000Z,0,0,0,0,0,0,,uuid:5c520d5e-26d0-44b1-8d55-60703b4088ff,uuid:5c520d5e-26d0-44b1-8d55-60703b4088ff,704,Assistente,1,1,,,collect:E7vzJqYmDdFPwrom,0,51123[encrypted:AYulSYYW]
2023-11-27T15:20:56.190Z,2023-11-26T10:43:48.724Z,25/11/2023,canogo,Can_amnequem,2,inside,19:38:00.000Z,22:07:00.000Z,0,0,0,0,0,0,,uuid:c73ce27f-a57c-4d6e-af09-d8604b9bdd04,uuid:c73ce27f-a57c-4d6e-af09-d8604b9bdd04,704,Assistente,1,1,,,collect:E7vzJqYmDdFPwrom,0,51123[encrypted:AYulSYYW]
2023-11-27T15:20:55.549Z,2023-11-26T10:42:54.737Z,25/11/2023,canogo,Can_amnequem,6,inside,19:38:00.000Z,22:07:00.000Z,0,0,0,0,0,0,,uuid:26ca7fda-5063-48cf-9804-08df631af746,uuid:26ca7fda-5063-48cf-9804-08df631af746,704,Assistente,1,1,,,collect:E7vzJqYmDdFPwrom,0,51123[encrypted:AYulSYYW]
2023-11-27T15:20:54.791Z,2023-11-26T10:41:48.040Z,25/11/2023,canogo,Can_amnequem,3,outside,20:04:00.000Z,20:54:00.000Z,0,0,0,0,0,0,,uuid:3f50e557-b81a-43a6-a845-c6dda91ef7a8,uuid:3f50e557-b81a-43a6-a845-c6dda91ef7a8,704,Assistente,1,1,,,collect:E7vzJqYmDdFPwrom,0,51123[encrypted:AYulSYYW]
2023-11-27T15:20:54.160Z,2023-11-26T10:40:47.739Z,25/11/2023,canogo,Can_amnequem,3,outside,19:00:00.000Z,20:04:00.000Z,0,0,0,0,0,0,,uuid:d7f11da9-adc1-496e-aad7-56b34259e07a,uuid:d7f11da9-adc1-496e-aad7-56b34259e07a,704,Assistente,1,1,,,collect:E7vzJqYmDdFPwrom,0,51123[encrypted:AYulSYYW]
2023-11-27T15:20:53.561Z,2023-11-26T10:39:14.057Z,25/11/2023,canogo,Can_amnequem,3,outside,18:00:00.000Z,19:00:00.000Z,0,0,0,0,0,0,,uuid:d610c413-496f-4091-8279-fc6cabc06274,uuid:d610c413-496f-4091-8279-fc6cabc06274,704,Assistente,1,1,,,collect:E7vzJqYmDdFPwrom,0,51123[encrypted:AYulSYYW]
2023-11-24T22:34:05.182Z,2023-11-24T09:23:01.393Z,23/11/2023,orangozinho,Orazinho_ancanho,,farmland,19:01:00.000Z,07:10:00.000Z,3,0,0,0,0,0,Nada,uuid:4e8ae2c6-226b-4bae-970b-180785a76e87,uuid:4e8ae2c6-226b-4bae-970b-180785a76e87,704,Assistente,1,1,,,collect:er91NR52R8aKmaRf,0,51123[encrypted:AYulSYYW]
2023-11-24T22:34:04.669Z,2023-11-24T09:21:57.850Z,23/11/2023,orangozinho,Orazinho_ancanho,4,inside,22:01:00.000Z,07:26:00.000Z,26,3,0,0,0,0,Nada,uuid:4e3372b3-84fc-437f-bb09-0e6fc7cafe0e,uuid:4e3372b3-84fc-437f-bb09-0e6fc7cafe0e,704,Assistente,1,1,,,collect:er91NR52R8aKmaRf,0,51123[encrypted:AYulSYYW]
2023-11-24T22:34:04.104Z,2023-11-24T09:20:50.199Z,23/11/2023,orangozinho,Orazinho_ancanho,3,inside,22:00:00.000Z,07:00:00.000Z,67,7,0,0,0,0,Nada,uuid:1750b222-1a6e-49a6-9c13-125f9e235d66,uuid:1750b222-1a6e-49a6-9c13-125f9e235d66,704,Assistente,1,1,,,collect:er91NR52R8aKmaRf,0,51123[encrypted:AYulSYYW]
2023-11-24T22:34:03.576Z,2023-11-24T09:19:29.930Z,23/11/2023,orangozinho,Orazinho_ancanho,1,inside,22:01:00.000Z,07:00:00.000Z,5,0,0,0,0,0,Nada,uuid:9aef0ea4-bf06-4d0f-b303-fddc5465a3c5,uuid:9aef0ea4-bf06-4d0f-b303-fddc5465a3c5,704,Assistente,1,1,,,collect:er91NR52R8aKmaRf,0,51123[encrypted:AYulSYYW]
2023-11-24T22:34:02.997Z,2023-11-24T09:18:20.041Z,23/11/2023,orangozinho,Orazinho_ancanho,5,inside,22:02:00.000Z,07:07:00.000Z,1,2,0,0,0,0,Nada,uuid:5a0d9f47-bd86-4dc8-a876-6aeb6a9d37cf,uuid:5a0d9f47-bd86-4dc8-a876-6aeb6a9d37cf,704,Assistente,1,1,,,collect:er91NR52R8aKmaRf,0,51123[encrypted:AYulSYYW]
2023-11-24T22:34:02.461Z,2023-11-24T09:17:18.786Z,23/11/2023,orangozinho,Orazinho_ancanho,2,outside,04:00:00.000Z,07:03:00.000Z,3,0,0,0,0,0,Nada,uuid:7c809c4d-2b1c-4232-872c-b0b82af8025e,uuid:7c809c4d-2b1c-4232-872c-b0b82af8025e,704,Assistente,1,1,,,collect:er91NR52R8aKmaRf,0,51123[encrypted:AYulSYYW]
2023-11-24T22:34:01.922Z,2023-11-24T09:16:12.219Z,23/11/2023,orangozinho,Orazinho_ancanho,2,inside,22:05:00.000Z,07:08:00.000Z,10,0,0,0,0,0,Nada,uuid:cdfbf360-6a11-4526-94ac-5cdb6fac5c14,uuid:cdfbf360-6a11-4526-94ac-5cdb6fac5c14,704,Assistente,1,1,,,collect:er91NR52R8aKmaRf,0,51123[encrypted:AYulSYYW]
2023-11-24T22:34:01.319Z,2023-11-24T09:15:03.109Z,23/11/2023,orangozinho,Orazinho_ancanho,5,outside,04:06:00.000Z,07:06:00.000Z,0,0,0,0,0,0,Nada,uuid:3561058b-912c-4713-9397-a1b626027035,uuid:3561058b-912c-4713-9397-a1b626027035,704,Assistente,1,1,,,collect:er91NR52R8aKmaRf,0,51123[encrypted:AYulSYYW]
2023-11-24T22:34:00.767Z,2023-11-24T09:13:40.702Z,23/11/2023,orangozinho,Orazinho_ancanho,5,outside,01:06:00.000Z,04:06:00.000Z,0,0,0,0,0,0,Nada,uuid:59cb4504-e41d-43cd-8ad4-1427f3b32016,uuid:59cb4504-e41d-43cd-8ad4-1427f3b32016,704,Assistente,1,1,,,collect:er91NR52R8aKmaRf,0,51123[encrypted:AYulSYYW]
2023-11-24T22:34:00.212Z,2023-11-24T09:12:16.259Z,23/11/2023,orangozinho,Orazinho_ancanho,2,outside,01:00:00.000Z,04:00:00.000Z,0,0,0,0,0,0,Nada,uuid:198d43e7-28c6-42c7-a15c-a364e4fe7fad,uuid:198d43e7-28c6-42c7-a15c-a364e4fe7fad,704,Assistente,1,1,,,collect:er91NR52R8aKmaRf,0,51123[encrypted:AYulSYYW]
2023-11-24T22:33:59.632Z,2023-11-24T09:10:38.958Z,23/11/2023,orangozinho,Orazinho_ancanho,2,outside,22:00:00.000Z,01:00:00.000Z,0,0,0,0,0,0,Nada,uuid:152b171c-bf61-401a-b3da-05f47c8d5c2d,uuid:152b171c-bf61-401a-b3da-05f47c8d5c2d,704,Assistente,1,1,,,collect:er91NR52R8aKmaRf,0,51123[encrypted:AYulSYYW]
2023-11-24T22:33:59.044Z,2023-11-24T09:08:33.619Z,23/11/2023,orangozinho,Orazinho_ancanho,5,outside,22:06:00.000Z,01:05:00.000Z,1,1,0,0,0,0,Nada,uuid:4146c939-f528-4ad9-96e1-1ce56eb2cd1d,uuid:4146c939-f528-4ad9-96e1-1ce56eb2cd1d,704,Assistente,1,1,,,collect:er91NR52R8aKmaRf,0,51123[encrypted:AYulSYYW]
2023-11-24T22:33:58.133Z,2023-11-24T09:07:16.476Z,23/11/2023,orangozinho,Orazinho_ancanho,5,inside,19:03:00.000Z,22:00:00.000Z,0,0,0,0,0,0,Nada,uuid:f3507ac8-59de-4e38-9a8f-4d80ac2edc8e,uuid:f3507ac8-59de-4e38-9a8f-4d80ac2edc8e,704,Assistente,1,1,,,collect:er91NR52R8aKmaRf,0,51123[encrypted:AYulSYYW]
2023-11-24T22:33:57.587Z,2023-11-24T09:06:04.859Z,23/11/2023,orangozinho,Orazinho_ancanho,2,inside,19:04:00.000Z,22:05:00.000Z,1,3,0,0,0,0,Nada,uuid:ae57c26a-1386-4109-9559-e8bb71e55e27,uuid:ae57c26a-1386-4109-9559-e8bb71e55e27,704,Assistente,1,1,,,collect:er91NR52R8aKmaRf,0,51123[encrypted:AYulSYYW]
2023-11-24T22:33:57.031Z,2023-11-24T09:04:41.178Z,23/11/2023,orangozinho,Orazinho_ancanho,3,inside,19:14:00.000Z,22:00:00.000Z,7,5,0,0,0,0,Nada,uuid:a1f7352c-3538-4b6d-b6a5-99bd6d5fd2bc,uuid:a1f7352c-3538-4b6d-b6a5-99bd6d5fd2bc,704,Assistente,1,1,,,collect:er91NR52R8aKmaRf,0,51123[encrypted:AYulSYYW]
2023-11-24T22:33:56.436Z,2023-11-24T09:03:19.458Z,23/11/2023,orangozinho,Orazinho_ancanho,4,inside,19:08:00.000Z,22:00:00.000Z,0,4,0,0,0,0,Nada,uuid:45a513dd-43ca-491a-9613-7b76a33c5ed2,uuid:45a513dd-43ca-491a-9613-7b76a33c5ed2,704,Assistente,1,1,,,collect:er91NR52R8aKmaRf,0,51123[encrypted:AYulSYYW]
2023-11-24T22:33:55.652Z,2023-11-24T09:01:25.491Z,23/11/2023,orangozinho,Orazinho_ancanho,5,inside,19:01:00.000Z,22:02:00.000Z,0,0,0,0,0,0,Nada,uuid:c4b560b0-d708-4152-aa13-84557428fad8,uuid:c4b560b0-d708-4152-aa13-84557428fad8,704,Assistente,1,1,,,collect:er91NR52R8aKmaRf,0,51123[encrypted:AYulSYYW]
2023-11-24T22:33:55.027Z,2023-11-24T09:00:17.182Z,23/11/2023,orangozinho,Orazinho_ancanho,1,inside,19:07:00.000Z,22:01:00.000Z,0,0,0,0,0,0,Nada,uuid:29305212-1a53-4682-b8eb-95f7731a4d9f,uuid:29305212-1a53-4682-b8eb-95f7731a4d9f,704,Assistente,1,1,,,collect:er91NR52R8aKmaRf,0,51123[encrypted:AYulSYYW]
2023-11-24T22:33:54.454Z,2023-11-24T08:59:03.792Z,23/11/2023,orangozinho,Orazinho_ancanho,2,outside,20:58:00.000Z,23:00:00.000Z,0,0,0,0,0,0,Nada,uuid:e9a68a33-c151-46f5-a0ff-544360b866aa,uuid:e9a68a33-c151-46f5-a0ff-544360b866aa,704,Assistente,1,1,,,collect:er91NR52R8aKmaRf,0,51123[encrypted:AYulSYYW]
2023-11-24T22:33:53.907Z,2023-11-24T08:58:07.534Z,23/11/2023,orangozinho,Orazinho_ancanho,2,outside,19:58:00.000Z,20:58:00.000Z,0,0,0,0,0,0,Nada,uuid:91dcfbc0-ca4f-495a-9043-045e81724b32,uuid:91dcfbc0-ca4f-495a-9043-045e81724b32,704,Assistente,1,1,,,collect:er91NR52R8aKmaRf,0,51123[encrypted:AYulSYYW]
2023-11-24T22:33:53.355Z,2023-11-24T08:56:43.758Z,23/11/2023,orangozinho,Orazinho_ancanho,2,outside,19:02:00.000Z,19:58:00.000Z,0,0,0,0,0,0,Nada,uuid:09d52005-d55f-4921-9bee-0529810474a3,uuid:09d52005-d55f-4921-9bee-0529810474a3,704,Assistente,1,1,,,collect:er91NR52R8aKmaRf,0,51123[encrypted:AYulSYYW]
2023-11-24T22:33:52.835Z,2023-11-24T08:55:15.240Z,23/11/2023,orangozinho,Orazinho_ancanho,2,outside,16:00:00.000Z,19:02:00.000Z,0,0,0,0,0,0,Nada,uuid:06d5c188-ef2c-44f5-a054-d8e0fa505717,uuid:06d5c188-ef2c-44f5-a054-d8e0fa505717,704,Assistente,1,1,,,collect:er91NR52R8aKmaRf,0,51123[encrypted:AYulSYYW]
2023-11-24T22:31:07.875Z,2023-11-24T22:28:17.934Z,24/11/2023,orangozinho,Orazinho_ancanho,3,inside,19:00:00.000Z,22:00:00.000Z,3,2,0,0,0,0, ,uuid:1dd3915b-a5c1-4e67-aad9-acec0b637960,uuid:1dd3915b-a5c1-4e67-aad9-acec0b637960,704,Assistente,1,1,,,collect:7ERgyK7KvWeVFiSJ,0,51123[encrypted:AYulSYYW]
2023-11-24T22:31:07.149Z,2023-11-24T22:27:14.573Z,24/11/2023,orangozinho,Orazinho_ancanho,2,outside,21:00:00.000Z,22:00:00.000Z,0,0,0,0,0,0,,uuid:92f0ab9c-3770-4863-943f-101eb1db4e4b,uuid:92f0ab9c-3770-4863-943f-101eb1db4e4b,704,Assistente,1,1,,,collect:7ERgyK7KvWeVFiSJ,0,51123[encrypted:AYulSYYW]
2023-11-24T22:31:06.387Z,2023-11-24T22:26:25.700Z,24/11/2023,orangozinho,Orazinho_ancanho,2,inside,19:00:00.000Z,22:00:00.000Z,0,5,0,0,0,0,,uuid:c53bf4ad-e8e2-48ce-b50c-4d4c10dc2a24,uuid:c53bf4ad-e8e2-48ce-b50c-4d4c10dc2a24,704,Assistente,1,1,,,collect:7ERgyK7KvWeVFiSJ,0,51123[encrypted:AYulSYYW]
2023-11-24T22:31:05.878Z,2023-11-24T22:25:24.096Z,24/11/2023,orangozinho,Orazinho_ancanho,5,outside,19:00:00.000Z,22:00:00.000Z,0,0,0,0,0,0,Nc,uuid:7f73c7ef-30cb-46fd-b359-bfc3a942262f,uuid:7f73c7ef-30cb-46fd-b359-bfc3a942262f,704,Assistente,1,1,,,collect:7ERgyK7KvWeVFiSJ,0,51123[encrypted:AYulSYYW]
2023-11-24T22:31:05.337Z,2023-11-24T22:24:25.991Z,24/11/2023,orangozinho,Orazinho_ancanho,5,inside,19:00:00.000Z,22:00:00.000Z,0,0,0,0,0,0,,uuid:f70fda96-f828-4661-b017-c66a04174b5c,uuid:f70fda96-f828-4661-b017-c66a04174b5c,704,Assistente,1,1,,,collect:7ERgyK7KvWeVFiSJ,0,51123[encrypted:AYulSYYW]
2023-11-24T22:31:04.843Z,2023-11-24T22:23:40.515Z,24/11/2023,orangozinho,Orazinho_ancanho,4,inside,19:07:00.000Z,22:00:00.000Z,0,0,0,0,0,0,,uuid:02252bc5-0eec-4be1-bb0f-094037d4b9e1,uuid:02252bc5-0eec-4be1-bb0f-094037d4b9e1,704,Assistente,1,1,,,collect:7ERgyK7KvWeVFiSJ,0,51123[encrypted:AYulSYYW]
2023-11-24T22:31:04.295Z,2023-11-24T22:22:42.213Z,24/11/2023,orangozinho,Orazinho_ancanho,1,outside,19:00:00.000Z,22:00:00.000Z,0,0,0,0,0,0,,uuid:d8d0fabb-9880-406b-8ba0-7428cb794035,uuid:d8d0fabb-9880-406b-8ba0-7428cb794035,704,Assistente,1,1,,,collect:7ERgyK7KvWeVFiSJ,0,51123[encrypted:AYulSYYW]
2023-11-24T22:31:03.545Z,2023-11-24T22:21:51.364Z,24/11/2023,orangozinho,Orazinho_ancanho,2,outside,20:03:00.000Z,21:00:00.000Z,0,0,0,0,0,0,,uuid:9bdd7a77-2869-43a4-9b6b-14ee99374ee4,uuid:9bdd7a77-2869-43a4-9b6b-14ee99374ee4,704,Assistente,1,1,,,collect:7ERgyK7KvWeVFiSJ,0,51123[encrypted:AYulSYYW]
2023-11-24T22:31:02.927Z,2023-11-24T22:20:47.014Z,24/11/2023,orangozinho,Orazinho_ancanho,2,outside,19:00:00.000Z,20:00:00.000Z,0,0,0,0,0,0,,uuid:c2aacc40-897a-4a25-91b7-d5723d6dcaed,uuid:c2aacc40-897a-4a25-91b7-d5723d6dcaed,704,Assistente,1,1,,,collect:7ERgyK7KvWeVFiSJ,0,51123[encrypted:AYulSYYW]
2023-11-24T22:31:02.259Z,2023-11-24T22:19:19.665Z,24/11/2023,orangozinho,Orazinho_ancanho,2,outside,18:00:00.000Z,19:00:00.000Z,0,0,0,0,0,0,,uuid:649b7f3e-f63d-4f51-8ea2-545460af9c9d,uuid:649b7f3e-f63d-4f51-8ea2-545460af9c9d,704,Assistente,1,1,,,collect:7ERgyK7KvWeVFiSJ,0,51123[encrypted:AYulSYYW]
2023-11-22T09:30:50.518Z,2023-11-22T09:22:30.408Z,21/11/2023,canhabaque,Can_indina,1,inside,19:10:00.000Z,22:00:00.000Z,1,3,0,0,0,0,,uuid:749a263c-868b-48f0-b85e-466e60b8364e,uuid:749a263c-868b-48f0-b85e-466e60b8364e,704,Assistente,1,1,,,collect:er91NR52R8aKmaRf,0,51123[encrypted:AYulSYYW]
2023-11-22T09:30:49.713Z,2023-11-22T09:20:50.747Z,21/11/2023,canhabaque,Can_indina,6,inside,19:00:00.000Z,22:00:00.000Z,0,8,0,0,0,0,,uuid:e9253fde-9647-42ba-b743-2a529df2fd5c,uuid:e9253fde-9647-42ba-b743-2a529df2fd5c,704,Assistente,1,1,,,collect:er91NR52R8aKmaRf,0,51123[encrypted:AYulSYYW]
2023-11-22T09:30:48.497Z,2023-11-22T09:19:42.768Z,21/11/2023,canhabaque,Can_indina,4,inside,19:00:00.000Z,22:10:00.000Z,0,0,0,0,0,0,,uuid:861d945e-ae9b-4a26-83c0-c9b84f3375b1,uuid:861d945e-ae9b-4a26-83c0-c9b84f3375b1,704,Assistente,1,1,,,collect:er91NR52R8aKmaRf,0,51123[encrypted:AYulSYYW]
2023-11-22T09:30:47.442Z,2023-11-22T09:17:43.219Z,21/11/2023,canhabaque,Can_indina,3,inside,19:06:00.000Z,22:02:00.000Z,4,9,0,0,0,0,,uuid:17afb784-a7ab-4f79-b506-d175ff07396e,uuid:17afb784-a7ab-4f79-b506-d175ff07396e,704,Assistente,1,1,,,collect:er91NR52R8aKmaRf,0,51123[encrypted:AYulSYYW]
2023-11-22T09:30:45.225Z,2023-11-22T09:16:36.266Z,21/11/2023,canhabaque,Can_indina,2,inside,19:00:00.000Z,22:00:00.000Z,0,2,0,0,0,0,Na,uuid:e43e5211-26f7-43c9-87de-41a610ae28fd,uuid:e43e5211-26f7-43c9-87de-41a610ae28fd,704,Assistente,1,1,,,collect:er91NR52R8aKmaRf,0,51123[encrypted:AYulSYYW]
2023-11-22T09:30:44.005Z,2023-11-22T09:15:43.251Z,21/11/2023,canhabaque,Can_indina,3,inside,19:06:00.000Z,22:02:00.000Z,0,2,0,0,0,0,Na,uuid:384cd238-27fd-489f-8b00-6e1cfde3ed6a,uuid:384cd238-27fd-489f-8b00-6e1cfde3ed6a,704,Assistente,1,1,,,collect:er91NR52R8aKmaRf,0,51123[encrypted:AYulSYYW]
2023-11-21T13:12:40.212Z,2023-11-21T10:50:29.674Z,20/11/2023,canhabaque,Can_indina,2,outside,09:00:00.000Z,10:00:00.000Z,0,0,0,0,0,0,Nada,uuid:8a462b30-fd0e-4132-b742-66e5970d0afd,uuid:8a462b30-fd0e-4132-b742-66e5970d0afd,704,Assistente,1,1,,,collect:er91NR52R8aKmaRf,0,51123[encrypted:AYulSYYW]
2023-11-21T13:12:39.486Z,2023-11-21T10:49:32.510Z,20/11/2023,canhabaque,Can_indina,2,outside,08:04:00.000Z,09:00:00.000Z,0,0,0,0,0,0,Nada,uuid:c4aba8a1-e9cb-4d49-97dc-824f97f1182e,uuid:c4aba8a1-e9cb-4d49-97dc-824f97f1182e,704,Assistente,1,1,,,collect:er91NR52R8aKmaRf,0,51123[encrypted:AYulSYYW]
2023-11-21T13:12:38.679Z,2023-11-21T10:48:16.239Z,20/11/2023,canhabaque,Can_indina,2,outside,07:00:00.000Z,08:00:00.000Z,0,0,0,0,0,0,Nada,uuid:5bbd645a-90c6-4460-a727-9518fb15e204,uuid:5bbd645a-90c6-4460-a727-9518fb15e204,704,Assistente,1,1,,,collect:er91NR52R8aKmaRf,0,51123[encrypted:AYulSYYW]
2023-11-21T13:12:38.051Z,2023-11-21T10:46:39.745Z,20/11/2023,canhabaque,Can_indina,2,inside,22:05:00.000Z,07:37:00.000Z,2,0,0,0,0,0,Nada,uuid:07de5d63-7804-4ef0-844b-a1f5e509e0bf,uuid:07de5d63-7804-4ef0-844b-a1f5e509e0bf,704,Assistente,1,1,,,collect:er91NR52R8aKmaRf,0,51123[encrypted:AYulSYYW]
2023-11-21T13:12:37.343Z,2023-11-21T10:45:23.241Z,20/11/2023,canhabaque,Can_indina,1,inside,19:04:00.000Z,22:14:00.000Z,6,0,0,0,0,0,Nada,uuid:d79bd1ac-8a88-49a7-a46d-6c1f6a081b03,uuid:d79bd1ac-8a88-49a7-a46d-6c1f6a081b03,704,Assistente,1,1,,,collect:er91NR52R8aKmaRf,0,51123[encrypted:AYulSYYW]
2023-11-21T13:12:36.450Z,2023-11-21T10:43:53.173Z,20/11/2023,canhabaque,Can_indina,1,inside,22:15:00.000Z,07:00:00.000Z,0,0,0,0,0,0,Nada,uuid:97d60f53-a3c4-4e8b-b6a2-e7798653cef1,uuid:97d60f53-a3c4-4e8b-b6a2-e7798653cef1,704,Assistente,1,1,,,collect:er91NR52R8aKmaRf,0,51123[encrypted:AYulSYYW]
2023-11-21T13:12:35.734Z,2023-11-21T10:41:49.864Z,20/11/2023,canhabaque,Can_indina,,farmland,19:19:00.000Z,07:00:00.000Z,2,0,0,0,0,0,Nada,uuid:6a2c6e4a-4de4-4ff4-84ee-96182ead136b,uuid:6a2c6e4a-4de4-4ff4-84ee-96182ead136b,704,Assistente,1,1,,,collect:er91NR52R8aKmaRf,0,51123[encrypted:AYulSYYW]
2023-11-21T13:12:35.119Z,2023-11-21T10:40:20.306Z,20/11/2023,canhabaque,Can_indina,3,inside,22:00:00.000Z,07:37:00.000Z,4,4,0,0,0,0,Nada,uuid:d74cd412-6496-4508-bcad-aa5565af2139,uuid:d74cd412-6496-4508-bcad-aa5565af2139,704,Assistente,1,1,,,collect:er91NR52R8aKmaRf,0,51123[encrypted:AYulSYYW]
2023-11-21T13:12:34.403Z,2023-11-21T10:38:28.110Z,20/11/2023,canhabaque,Can_indina,1,outside,01:00:00.000Z,04:02:00.000Z,6,0,0,0,0,0,Nada,uuid:f63774d1-5ee7-47ea-aaed-8174a0df4fe7,uuid:f63774d1-5ee7-47ea-aaed-8174a0df4fe7,704,Assistente,1,1,,,collect:er91NR52R8aKmaRf,0,51123[encrypted:AYulSYYW]
2023-11-21T13:12:33.635Z,2023-11-21T10:37:17.895Z,20/11/2023,canhabaque,Can_indina,2,outside,04:00:00.000Z,07:11:00.000Z,0,0,0,0,0,0,Nada,uuid:1b35a5e0-c488-42be-89ee-460659075f4f,uuid:1b35a5e0-c488-42be-89ee-460659075f4f,704,Assistente,1,1,,,collect:er91NR52R8aKmaRf,0,51123[encrypted:AYulSYYW]
2023-11-21T13:12:32.880Z,2023-11-21T10:36:05.442Z,20/11/2023,canhabaque,Can_indina,2,outside,22:00:00.000Z,01:00:00.000Z,3,0,0,0,0,0,Nads,uuid:87ebf359-1c8a-4154-bbe1-8b67e339aa8d,uuid:87ebf359-1c8a-4154-bbe1-8b67e339aa8d,704,Assistente,1,1,,,collect:er91NR52R8aKmaRf,0,51123[encrypted:AYulSYYW]
2023-11-21T13:12:32.133Z,2023-11-21T10:34:53.514Z,20/11/2023,canhabaque,Can_indina,1,outside,01:06:00.000Z,04:06:00.000Z,25,0,0,0,0,0,Nada,uuid:b8c7fa4a-4ca8-45ff-b302-b60a4e03b993,uuid:b8c7fa4a-4ca8-45ff-b302-b60a4e03b993,704,Assistente,1,1,,,collect:er91NR52R8aKmaRf,0,51123[encrypted:AYulSYYW]
2023-11-21T13:12:31.463Z,2023-11-21T10:33:36.445Z,20/11/2023,canhabaque,Can_indina,1,outside,22:13:00.000Z,01:05:00.000Z,28,2,0,0,0,0,Nada,uuid:c318b4b8-06d9-454b-8e92-877b04a3c142,uuid:c318b4b8-06d9-454b-8e92-877b04a3c142,704,Assistente,1,1,,,collect:er91NR52R8aKmaRf,0,51123[encrypted:AYulSYYW]
2023-11-21T13:12:30.717Z,2023-11-21T10:32:29.787Z,20/11/2023,canhabaque,Can_indina,2,outside,01:04:00.000Z,04:00:00.000Z,4,0,0,0,0,0,Nada,uuid:29422e54-17b6-4d4e-84d2-c4944d0db5a2,uuid:29422e54-17b6-4d4e-84d2-c4944d0db5a2,704,Assistente,1,1,,,collect:er91NR52R8aKmaRf,0,51123[encrypted:AYulSYYW]
2023-11-21T13:12:29.935Z,2023-11-21T10:31:24.026Z,20/11/2023,canhabaque,Can_indina,3,inside,19:00:00.000Z,22:00:00.000Z,1,8,0,0,0,0,Nada,uuid:54a924db-a869-456d-9bf8-afb72ef539f3,uuid:54a924db-a869-456d-9bf8-afb72ef539f3,704,Assistente,1,1,,,collect:er91NR52R8aKmaRf,0,51123[encrypted:AYulSYYW]
2023-11-21T13:12:28.855Z,2023-11-21T10:30:20.020Z,20/11/2023,canhabaque,Can_indina,1,inside,19:07:00.000Z,22:15:00.000Z,0,1,0,0,0,0,Nada,uuid:b1cd4945-75cb-40d2-ac5a-1d71267e470a,uuid:b1cd4945-75cb-40d2-ac5a-1d71267e470a,704,Assistente,1,1,,,collect:er91NR52R8aKmaRf,0,51123[encrypted:AYulSYYW]
2023-11-21T13:12:27.803Z,2023-11-21T10:28:40.350Z,20/11/2023,canhabaque,Can_indina,4,inside,19:00:00.000Z,22:00:00.000Z,0,4,0,0,0,0,Nada,uuid:8aa93465-c7bc-4552-ad44-7d49e795af3c,uuid:8aa93465-c7bc-4552-ad44-7d49e795af3c,704,Assistente,1,1,,,collect:er91NR52R8aKmaRf,0,51123[encrypted:AYulSYYW]
2023-11-21T13:12:27.022Z,2023-11-21T10:27:26.074Z,20/11/2023,canhabaque,Can_indina,6,inside,19:04:00.000Z,22:00:00.000Z,0,1,0,0,0,0,Nada,uuid:aa019764-e4fb-4eaf-82b3-5365bc5f729e,uuid:aa019764-e4fb-4eaf-82b3-5365bc5f729e,704,Assistente,1,1,,,collect:er91NR52R8aKmaRf,0,51123[encrypted:AYulSYYW]
2023-11-21T13:12:26.294Z,2023-11-21T10:26:08.568Z,20/11/2023,canhabaque,Can_indina,4,inside,19:00:00.000Z,22:00:00.000Z,0,1,0,0,0,0,Nada,uuid:ae256865-fc05-493e-96e6-3c2be8f7b5b0,uuid:ae256865-fc05-493e-96e6-3c2be8f7b5b0,704,Assistente,1,1,,,collect:er91NR52R8aKmaRf,0,51123[encrypted:AYulSYYW]
2023-11-21T13:12:25.705Z,2023-11-21T10:24:59.248Z,20/11/2023,canhabaque,Can_indina,2,outside,21:00:00.000Z,22:00:00.000Z,0,0,0,0,0,0,Nada,uuid:60552cc1-1562-4972-8bc1-7581480ca523,uuid:60552cc1-1562-4972-8bc1-7581480ca523,704,Assistente,1,1,,,collect:er91NR52R8aKmaRf,0,51123[encrypted:AYulSYYW]
2023-11-21T13:12:24.997Z,2023-11-21T10:23:43.517Z,20/11/2023,canhabaque,Can_indina,2,outside,20:00:00.000Z,20:53:00.000Z,0,0,0,0,0,0,Nada,uuid:3beffc17-7472-4872-aa0d-1f896205cab9,uuid:3beffc17-7472-4872-aa0d-1f896205cab9,704,Assistente,1,1,,,collect:er91NR52R8aKmaRf,0,51123[encrypted:AYulSYYW]
2023-11-21T13:12:24.264Z,2023-11-21T10:22:40.389Z,20/11/2023,canhabaque,Can_indina,2,outside,19:00:00.000Z,19:50:00.000Z,0,0,0,0,0,0,Nada,uuid:882bfc00-bb07-4403-9c06-fa6e8daf53f3,uuid:882bfc00-bb07-4403-9c06-fa6e8daf53f3,704,Assistente,1,1,,,collect:er91NR52R8aKmaRf,0,51123[encrypted:AYulSYYW]
2023-11-21T13:12:23.346Z,2023-11-21T10:21:22.971Z,20/11/2023,canhabaque,Can_indina,2,outside,18:00:00.000Z,19:00:00.000Z,0,0,0,0,0,0,Nada,uuid:048c1942-ccc1-40eb-8f0e-a87af408dd5f,uuid:048c1942-ccc1-40eb-8f0e-a87af408dd5f,704,Assistente,1,1,,,collect:er91NR52R8aKmaRf,0,51123[encrypted:AYulSYYW]
2023-11-21T13:12:22.353Z,2023-11-21T10:20:17.409Z,19/11/2023,canhabaque,Can_indina,6,inside,10:00:00.000Z,07:00:00.000Z,0,5,0,0,0,0,Nada,uuid:ac91c4eb-e9d9-4cf9-a82d-cdff32c3b3c1,uuid:ac91c4eb-e9d9-4cf9-a82d-cdff32c3b3c1,704,Assistente,1,1,,,collect:er91NR52R8aKmaRf,0,51123[encrypted:AYulSYYW]
2023-11-21T13:12:21.619Z,2023-11-21T10:18:35.228Z,19/11/2023,canhabaque,Can_indina,1,outside,04:06:00.000Z,07:00:00.000Z,20,1,0,0,0,0,Nada,uuid:5c8cc981-0ee9-492a-b4fe-adab7cc0b85a,uuid:5c8cc981-0ee9-492a-b4fe-adab7cc0b85a,704,Assistente,1,1,,,collect:er91NR52R8aKmaRf,0,51123[encrypted:AYulSYYW]
2023-11-21T13:12:20.853Z,2023-11-20T22:27:22.069Z,19/11/2023,canhabaque,Can_indina,2,outside,22:00:00.000Z,01:00:00.000Z,7,4,0,0,0,0,,uuid:77122585-0297-4b8b-a8f4-d3f1a3f709d0,uuid:77122585-0297-4b8b-a8f4-d3f1a3f709d0,704,Assistente,1,1,,,collect:er91NR52R8aKmaRf,0,51123[encrypted:AYulSYYW]
2023-11-21T13:12:20.120Z,2023-11-20T09:58:47.796Z,19/11/2023,canhabaque,Can_indina,2,outside,07:05:00.000Z,10:00:00.000Z,0,0,0,0,0,0,Nada,uuid:e2e36cfe-d88c-457e-bacd-ac04da7ec792,uuid:e2e36cfe-d88c-457e-bacd-ac04da7ec792,704,Assistente,1,1,,,collect:er91NR52R8aKmaRf,0,51123[encrypted:AYulSYYW]
2023-11-21T13:12:19.393Z,2023-11-20T09:20:55.184Z,19/11/2023,canhabaque,Can_indina,2,outside,04:06:00.000Z,07:05:00.000Z,6,0,0,0,0,0,Nada,uuid:e45c3afa-1965-4379-bb4e-3d32929ff420,uuid:e45c3afa-1965-4379-bb4e-3d32929ff420,704,Assistente,1,1,,,collect:er91NR52R8aKmaRf,0,51123[encrypted:AYulSYYW]
2023-11-21T13:12:18.660Z,2023-11-20T09:18:36.363Z,19/11/2023,canhabaque,Can_indina,1,outside,09:18:00.000Z,07:05:00.000Z,1,0,0,0,0,0,Nada,uuid:d20ff02e-1152-4a52-b3f7-6ed33d505056,uuid:d20ff02e-1152-4a52-b3f7-6ed33d505056,704,Assistente,1,1,,,collect:er91NR52R8aKmaRf,0,51123[encrypted:AYulSYYW]
2023-11-21T13:12:17.924Z,2023-11-20T09:17:10.353Z,19/11/2023,canhabaque,Can_indina,4,inside,19:01:00.000Z,07:21:00.000Z,23,3,0,0,0,0,Nada,uuid:4ced19d2-aec4-4413-bc96-6f0fb14a8dba,uuid:4ced19d2-aec4-4413-bc96-6f0fb14a8dba,704,Assistente,1,1,,,collect:er91NR52R8aKmaRf,0,51123[encrypted:AYulSYYW]
2023-11-21T13:12:17.191Z,2023-11-20T09:15:39.061Z,19/11/2023,canhabaque,Can_indina,2,inside,19:00:00.000Z,07:00:00.000Z,5,8,0,0,0,0,Nada,uuid:49f486f1-3171-4c86-9462-adde53ebbd71,uuid:49f486f1-3171-4c86-9462-adde53ebbd71,704,Assistente,1,1,,,collect:er91NR52R8aKmaRf,0,51123[encrypted:AYulSYYW]
2023-11-21T13:12:16.470Z,2023-11-20T09:13:00.559Z,19/11/2023,canhabaque,Can_indina,1,farmland,19:00:00.000Z,07:30:00.000Z,8,7,0,0,0,0,Nada,uuid:60a08d89-27e3-4600-87ab-bfb2b13009a9,uuid:60a08d89-27e3-4600-87ab-bfb2b13009a9,704,Assistente,1,1,,,collect:er91NR52R8aKmaRf,0,51123[encrypted:AYulSYYW]
2023-11-21T13:12:15.765Z,2023-11-20T09:08:24.377Z,19/11/2023,canhabaque,Can_indina,6,inside,19:10:00.000Z,07:00:00.000Z,0,3,0,0,0,0,Nada,uuid:703e55b8-bafe-49ae-9fff-6ea62d9ada71,uuid:703e55b8-bafe-49ae-9fff-6ea62d9ada71,704,Assistente,1,1,,,collect:er91NR52R8aKmaRf,0,51123[encrypted:AYulSYYW]
2023-11-21T13:12:15.017Z,2023-11-20T09:05:49.863Z,19/11/2023,canhabaque,Can_indina,2,inside,19:04:00.000Z,07:14:00.000Z,12,5,0,0,1,0,Nada,uuid:e2ec038a-0157-4a58-a8e6-2d6f2518149c,uuid:e2ec038a-0157-4a58-a8e6-2d6f2518149c,704,Assistente,1,1,,,collect:er91NR52R8aKmaRf,0,51123[encrypted:AYulSYYW]
2023-11-21T13:12:14.299Z,2023-11-20T09:03:25.754Z,19/11/2023,canhabaque,Can_indina,2,outside,22:00:00.000Z,01:04:00.000Z,15,0,0,0,0,0,Nada,uuid:f8dcb7ce-ba91-4e59-8c29-ca7dcee3ae10,uuid:f8dcb7ce-ba91-4e59-8c29-ca7dcee3ae10,704,Assistente,1,1,,,collect:er91NR52R8aKmaRf,0,51123[encrypted:AYulSYYW]
2023-11-21T13:12:13.579Z,2023-11-20T09:00:22.226Z,19/11/2023,canhabaque,Can_indina,2,outside,13:05:00.000Z,04:05:00.000Z,0,0,0,0,0,0,Nada,uuid:a30efd7e-b8e7-429b-b8f2-721437c18e13,uuid:a30efd7e-b8e7-429b-b8f2-721437c18e13,704,Assistente,1,1,,,collect:er91NR52R8aKmaRf,0,51123[encrypted:AYulSYYW]
2023-11-21T13:12:12.893Z,2023-11-20T08:57:55.497Z,19/11/2023,canhabaque,Can_indina,1,outside,21:07:00.000Z,22:10:00.000Z,1,0,0,0,0,0,Nada,uuid:14f5054a-d3c7-4e08-bfa5-18cb434da8e7,uuid:14f5054a-d3c7-4e08-bfa5-18cb434da8e7,704,Assistente,1,1,,,collect:er91NR52R8aKmaRf,0,51123[encrypted:AYulSYYW]
2023-11-21T13:12:11.833Z,2023-11-20T08:55:53.633Z,19/11/2023,canhabaque,Can_indina,2,outside,22:00:00.000Z,22:00:00.000Z,0,0,0,0,0,0,Nada,uuid:7b0b839c-03dd-4a8a-b858-bd3ad3052c53,uuid:7b0b839c-03dd-4a8a-b858-bd3ad3052c53,704,Assistente,1,1,,,collect:er91NR52R8aKmaRf,0,51123[encrypted:AYulSYYW]
2023-11-21T13:12:11.026Z,2023-11-20T08:53:36.275Z,19/11/2023,canhabaque,Can_indina,2,outside,20:08:00.000Z,21:00:00.000Z,0,0,0,0,0,0,Nada,uuid:79806d03-923b-493d-a389-2590ac64e760,uuid:79806d03-923b-493d-a389-2590ac64e760,704,Assistente,1,1,,,collect:er91NR52R8aKmaRf,0,51123[encrypted:AYulSYYW]
2023-11-21T13:12:10.217Z,2023-11-20T08:49:06.615Z,19/11/2023,canhabaque,Can_indina,2,outside,19:00:00.000Z,20:08:00.000Z,0,0,0,0,0,0,Nada,uuid:b91f083c-6b3a-4599-88b9-fa16b341099b,uuid:b91f083c-6b3a-4599-88b9-fa16b341099b,704,Assistente,1,1,,,collect:er91NR52R8aKmaRf,0,51123[encrypted:AYulSYYW]
2023-11-21T13:12:09.570Z,2023-11-20T08:46:29.380Z,19/11/2023,canhabaque,Can_indina,2,outside,19:00:00.000Z,19:00:00.000Z,0,0,0,0,0,0,Nada,uuid:e231b6cc-d9da-49f2-b900-570b554676a8,uuid:e231b6cc-d9da-49f2-b900-570b554676a8,704,Assistente,1,1,,,collect:er91NR52R8aKmaRf,0,51123[encrypted:AYulSYYW]
2023-11-15T13:51:45.706Z,2023-11-15T09:25:57.579Z,14/11/2023,bubaque,Bub_bidjana,5,inside,22:16:00.000Z,07:13:00.000Z,0,0,0,0,0,0,Nada,uuid:81b18ab7-f738-449f-918c-6be7c4d8800e,uuid:81b18ab7-f738-449f-918c-6be7c4d8800e,704,Assistente,1,1,,,collect:7ERgyK7KvWeVFiSJ,0,51123[encrypted:AYulSYYW]
2023-11-15T13:51:45.100Z,2023-11-15T09:24:19.131Z,14/11/2023,bubaque,Bub_bidjana,3,outside,04:08:00.000Z,07:10:00.000Z,0,0,0,0,0,0,Nada,uuid:8b3a3aa7-54d8-4e81-ba03-f77d94585e47,uuid:8b3a3aa7-54d8-4e81-ba03-f77d94585e47,704,Assistente,1,1,,,collect:7ERgyK7KvWeVFiSJ,0,51123[encrypted:AYulSYYW]
2023-11-15T13:51:44.472Z,2023-11-15T09:22:13.095Z,14/11/2023,bubaque,Bub_bidjana,6,inside,22:15:00.000Z,07:05:00.000Z,2,3,0,0,0,0,Nada,uuid:e4e519bc-a32a-43c1-b493-25c6a6926bd4,uuid:e4e519bc-a32a-43c1-b493-25c6a6926bd4,704,Assistente,1,1,,,collect:7ERgyK7KvWeVFiSJ,0,51123[encrypted:AYulSYYW]
2023-11-15T13:51:43.923Z,2023-11-15T09:20:07.513Z,14/11/2023,bubaque,Bub_bidjana,2,outside,04:07:00.000Z,07:08:00.000Z,0,0,0,0,0,0,Nada,uuid:ce5b1831-3d02-4a0c-a126-b58b4387afd9,uuid:ce5b1831-3d02-4a0c-a126-b58b4387afd9,704,Assistente,1,1,,,collect:7ERgyK7KvWeVFiSJ,0,51123[encrypted:AYulSYYW]
2023-11-15T13:51:43.336Z,2023-11-15T09:17:49.610Z,14/11/2023,bubaque,Bub_bidjana,3,inside,22:16:00.000Z,07:25:00.000Z,0,0,0,0,0,0,Nada,uuid:8d87fd01-b529-43e7-b741-406607b7fe76,uuid:8d87fd01-b529-43e7-b741-406607b7fe76,704,Assistente,1,1,,,collect:7ERgyK7KvWeVFiSJ,0,51123[encrypted:AYulSYYW]
2023-11-15T13:51:42.768Z,2023-11-15T09:16:07.037Z,14/11/2023,bubaque,Bub_bidjana,2,outside,01:04:00.000Z,04:04:00.000Z,0,0,0,0,0,0,Nada,uuid:d9083983-3462-4a05-a2f2-827c88d73891,uuid:d9083983-3462-4a05-a2f2-827c88d73891,704,Assistente,1,1,,,collect:7ERgyK7KvWeVFiSJ,0,51123[encrypted:AYulSYYW]
2023-11-15T13:51:42.228Z,2023-11-15T09:14:09.326Z,14/11/2023,bubaque,Bub_bidjana,1,outside,01:03:00.000Z,04:03:00.000Z,0,0,0,0,0,0,Nada,uuid:7ac0c31d-8a5f-4c4b-944f-0a6a06ebb430,uuid:7ac0c31d-8a5f-4c4b-944f-0a6a06ebb430,704,Assistente,1,1,,,collect:7ERgyK7KvWeVFiSJ,0,51123[encrypted:AYulSYYW]
2023-11-15T13:51:41.635Z,2023-11-15T09:12:34.110Z,14/11/2023,bubaque,Bub_bidjana,6,outside,01:08:00.000Z,04:07:00.000Z,0,0,0,0,0,0,Nada,uuid:0c183b9c-4c50-48dd-af1a-cbed32a9e222,uuid:0c183b9c-4c50-48dd-af1a-cbed32a9e222,704,Assistente,1,1,,,collect:7ERgyK7KvWeVFiSJ,0,51123[encrypted:AYulSYYW]
2023-11-15T13:51:40.997Z,2023-11-15T09:11:16.621Z,14/11/2023,bubaque,Bub_bidjana,9,outside,01:05:00.000Z,04:08:00.000Z,0,0,0,0,0,0,Nada,uuid:306c3bb2-7cf1-4dc6-9dc9-6ee34ccb9031,uuid:306c3bb2-7cf1-4dc6-9dc9-6ee34ccb9031,704,Assistente,1,1,,,collect:7ERgyK7KvWeVFiSJ,0,51123[encrypted:AYulSYYW]
2023-11-15T13:51:40.306Z,2023-11-15T09:09:54.440Z,14/11/2023,bubaque,Bub_bidjana,8,outside,01:06:00.000Z,04:05:00.000Z,0,0,0,0,0,0,Nada,uuid:1bdc3187-de23-43e1-a127-056888c6fe3b,uuid:1bdc3187-de23-43e1-a127-056888c6fe3b,704,Assistente,1,1,,,collect:7ERgyK7KvWeVFiSJ,0,51123[encrypted:AYulSYYW]
2023-11-15T13:51:39.756Z,2023-11-15T09:08:25.282Z,14/11/2023,bubaque,Bub_bidjana,7,outside,01:04:00.000Z,04:03:00.000Z,0,0,0,0,0,0,Nada,uuid:855e1a05-d5e6-47d0-beca-0397d34953f2,uuid:855e1a05-d5e6-47d0-beca-0397d34953f2,704,Assistente,1,1,,,collect:7ERgyK7KvWeVFiSJ,0,51123[encrypted:AYulSYYW]
2023-11-15T13:51:39.215Z,2023-11-15T09:07:02.461Z,14/11/2023,bubaque,Bub_bidjana,8,outside,22:07:00.000Z,01:06:00.000Z,0,0,0,0,0,0,Nada,uuid:c9ad06d6-6bba-476a-8a32-6da3286e0e56,uuid:c9ad06d6-6bba-476a-8a32-6da3286e0e56,704,Assistente,1,1,,,collect:7ERgyK7KvWeVFiSJ,0,51123[encrypted:AYulSYYW]
2023-11-15T13:51:38.625Z,2023-11-15T09:05:26.549Z,14/11/2023,bubaque,Bub_bidjana,6,outside,22:01:00.000Z,01:00:00.000Z,0,0,0,0,0,0,Nada,uuid:0901bb7e-efe0-4cb0-8dc6-0d7c6b089c9a,uuid:0901bb7e-efe0-4cb0-8dc6-0d7c6b089c9a,704,Assistente,1,1,,,collect:7ERgyK7KvWeVFiSJ,0,51123[encrypted:AYulSYYW]
2023-11-15T13:51:37.935Z,2023-11-15T09:03:22.110Z,14/11/2023,bubaque,Bub_bidjana,7,outside,22:00:00.000Z,01:03:00.000Z,0,0,0,0,0,0,Bada,uuid:1b300888-6d67-4780-80e3-7f6271de2b32,uuid:1b300888-6d67-4780-80e3-7f6271de2b32,704,Assistente,1,1,,,collect:7ERgyK7KvWeVFiSJ,0,51123[encrypted:AYulSYYW]
2023-11-15T13:51:37.070Z,2023-11-15T09:01:45.757Z,14/11/2023,bubaque,Bub_bidjana,9,outside,22:14:00.000Z,01:05:00.000Z,0,0,0,0,0,0,Nada,uuid:942916a2-ef77-4f67-be7b-a780ec7a9a47,uuid:942916a2-ef77-4f67-be7b-a780ec7a9a47,704,Assistente,1,1,,,collect:7ERgyK7KvWeVFiSJ,0,51123[encrypted:AYulSYYW]
2023-11-15T13:51:36.344Z,2023-11-15T09:00:12.084Z,14/11/2023,bubaque,Bub_bidjana,8,inside,19:33:00.000Z,21:07:00.000Z,0,0,0,0,0,0,Nada,uuid:e494b795-56df-41c2-a982-646400187ab2,uuid:e494b795-56df-41c2-a982-646400187ab2,704,Assistente,1,1,,,collect:7ERgyK7KvWeVFiSJ,0,51123[encrypted:AYulSYYW]
2023-11-15T13:51:35.473Z,2023-11-15T08:57:54.840Z,14/11/2023,bubaque,Bub_bidjana,3,inside,19:05:00.000Z,22:00:00.000Z,0,0,0,0,0,0,Nada,uuid:6bc934ef-69a3-44ca-b219-68be1f79978b,uuid:6bc934ef-69a3-44ca-b219-68be1f79978b,704,Assistente,1,1,,,collect:7ERgyK7KvWeVFiSJ,0,51123[encrypted:AYulSYYW]
2023-11-15T13:51:34.688Z,2023-11-15T08:56:12.439Z,14/11/2023,bubaque,Bub_bidjana,1,inside,19:06:00.000Z,22:07:00.000Z,0,0,0,0,0,0,Nada,uuid:bc721e22-5c7a-4c4a-8556-8e41d3f89b29,uuid:bc721e22-5c7a-4c4a-8556-8e41d3f89b29,704,Assistente,1,1,,,collect:7ERgyK7KvWeVFiSJ,0,51123[encrypted:AYulSYYW]
2023-11-15T13:51:33.877Z,2023-11-15T08:54:31.791Z,14/11/2023,bubaque,Bub_bidjana,1,outside,19:28:00.000Z,22:07:00.000Z,0,0,0,0,0,0,Nada,uuid:354b4f9c-9fcb-4609-ab54-ce7f697763d8,uuid:354b4f9c-9fcb-4609-ab54-ce7f697763d8,704,Assistente,1,1,,,collect:7ERgyK7KvWeVFiSJ,0,51123[encrypted:AYulSYYW]
2023-11-15T13:51:33.099Z,2023-11-15T08:52:42.379Z,14/11/2023,bubaque,Bub_bidjana,2,outside,17:03:00.000Z,19:30:00.000Z,0,0,0,0,0,0,Nada,uuid:dc7f4cab-0840-4e22-8802-0a16189c68dc,uuid:dc7f4cab-0840-4e22-8802-0a16189c68dc,704,Assistente,1,1,,,collect:7ERgyK7KvWeVFiSJ,0,51123[encrypted:AYulSYYW]
2023-11-15T13:51:32.506Z,2023-11-15T08:50:02.849Z,14/11/2023,bubaque,Bub_bidjana,7,outside,17:04:00.000Z,19:02:00.000Z,0,0,0,0,0,0,Nada,uuid:e22dc407-57cc-4dbf-926c-a339e04ed8ba,uuid:e22dc407-57cc-4dbf-926c-a339e04ed8ba,704,Assistente,1,1,,,collect:7ERgyK7KvWeVFiSJ,0,51123[encrypted:AYulSYYW]
2023-11-15T13:51:31.874Z,2023-11-15T08:48:20.648Z,14/11/2023,bubaque,Bub_bidjana,9,outside,17:04:00.000Z,19:32:00.000Z,0,0,0,0,0,0,Nada,uuid:d98f0ce5-2f6c-4a31-bee0-e003c3a6768c,uuid:d98f0ce5-2f6c-4a31-bee0-e003c3a6768c,704,Assistente,1,1,,,collect:7ERgyK7KvWeVFiSJ,0,51123[encrypted:AYulSYYW]
2023-11-15T13:51:31.309Z,2023-11-15T08:46:44.003Z,14/11/2023,bubaque,Bub_bidjana,8,outside,17:02:00.000Z,19:32:00.000Z,0,0,0,0,0,0,Nada,uuid:c9fe66b2-d036-40d8-98c7-8221080b28ee,uuid:c9fe66b2-d036-40d8-98c7-8221080b28ee,704,Assistente,1,1,,,collect:7ERgyK7KvWeVFiSJ,0,51123[encrypted:AYulSYYW]
2023-11-15T13:51:30.722Z,2023-11-15T08:44:46.788Z,14/11/2023,bubaque,Bub_bidjana,6,outside,17:03:00.000Z,19:32:00.000Z,0,0,0,0,0,0,Nada,uuid:f1753ec6-f626-4391-a0da-b092620d90ae,uuid:f1753ec6-f626-4391-a0da-b092620d90ae,704,Assistente,1,1,,,collect:7ERgyK7KvWeVFiSJ,0,51123[encrypted:AYulSYYW]
2023-11-15T13:51:30.165Z,2023-11-15T08:42:25.081Z,14/11/2023,bubaque,Bub_bidjana,1,outside,17:08:00.000Z,19:21:00.000Z,0,0,0,0,0,0,Nada,uuid:f352f4a3-46b8-4c3a-8b5b-b9be6b552a9e,uuid:f352f4a3-46b8-4c3a-8b5b-b9be6b552a9e,704,Assistente,1,1,,,collect:7ERgyK7KvWeVFiSJ,0,51123[encrypted:AYulSYYW]
2023-11-15T13:51:29.633Z,2023-11-14T12:22:32.718Z,13/11/2023,bubaque,Bub_bidjana,9,outside,17:47:00.000Z,19:00:00.000Z,0,0,0,0,0,0,Na,uuid:e0a50302-aee0-4824-899d-fac7c9a33fdf,uuid:e0a50302-aee0-4824-899d-fac7c9a33fdf,704,Assistente,1,1,,,collect:7ERgyK7KvWeVFiSJ,0,51123[encrypted:AYulSYYW]
2023-11-15T13:51:29.015Z,2023-11-14T12:20:37.918Z,13/11/2023,bubaque,Bub_bidjana,2,outside,19:06:00.000Z,22:09:00.000Z,0,0,0,0,0,0,Na,uuid:e3d558b4-fcfb-46f8-98ca-40bfdcf61c64,uuid:e3d558b4-fcfb-46f8-98ca-40bfdcf61c64,704,Assistente,1,1,,,collect:7ERgyK7KvWeVFiSJ,0,51123[encrypted:AYulSYYW]
2023-11-15T13:51:28.404Z,2023-11-14T12:19:11.518Z,13/11/2023,bubaque,Bub_bidjana,2,outside,04:05:00.000Z,07:13:00.000Z,0,0,0,0,0,0,Na,uuid:58857be6-e762-46fe-a713-52b7a7d39945,uuid:58857be6-e762-46fe-a713-52b7a7d39945,704,Assistente,1,1,,,collect:7ERgyK7KvWeVFiSJ,0,51123[encrypted:AYulSYYW]
2023-11-15T13:51:27.818Z,2023-11-14T12:18:00.297Z,13/11/2023,bubaque,Bub_bidjana,9,outside,19:12:00.000Z,22:11:00.000Z,0,0,0,0,0,0,Na,uuid:4d022f9e-90b5-4323-afb8-c70e54d2a8ac,uuid:4d022f9e-90b5-4323-afb8-c70e54d2a8ac,704,Assistente,1,1,,,collect:7ERgyK7KvWeVFiSJ,0,51123[encrypted:AYulSYYW]
2023-11-15T13:51:27.145Z,2023-11-14T12:16:31.928Z,20/11/2023,bubaque,Bub_bidjana,8,outside,01:11:00.000Z,04:12:00.000Z,0,0,0,0,0,0,Na,uuid:a3a06077-a638-46c4-8a1f-bb9029854e37,uuid:a3a06077-a638-46c4-8a1f-bb9029854e37,704,Assistente,1,1,,,collect:7ERgyK7KvWeVFiSJ,0,51123[encrypted:AYulSYYW]
2023-11-15T13:51:26.338Z,2023-11-14T12:15:05.487Z,13/11/2023,bubaque,Bub_bidjana,4,outside,01:06:00.000Z,04:11:00.000Z,0,0,0,0,0,0,Na,uuid:381e8bcc-55e8-457c-b838-aa6ca4154898,uuid:381e8bcc-55e8-457c-b838-aa6ca4154898,704,Assistente,1,1,,,collect:7ERgyK7KvWeVFiSJ,0,51123[encrypted:AYulSYYW]
2023-11-15T13:51:24.965Z,2023-11-14T12:13:43.290Z,13/11/2023,bubaque,Bub_bidjana,6,outside,04:10:00.000Z,07:17:00.000Z,0,0,0,0,0,0,Na,uuid:382e4f94-69f3-43f6-8c50-b56293b459c8,uuid:382e4f94-69f3-43f6-8c50-b56293b459c8,704,Assistente,1,1,,,collect:7ERgyK7KvWeVFiSJ,0,51123[encrypted:AYulSYYW]
2023-11-15T13:51:24.298Z,2023-11-14T12:12:05.950Z,13/11/2023,bubaque,Bub_bidjana,8,outside,04:01:00.000Z,07:01:00.000Z,0,0,0,0,0,0,Na,uuid:7d0ef888-f3fb-4dcd-be25-26eb18a46bd8,uuid:7d0ef888-f3fb-4dcd-be25-26eb18a46bd8,704,Assistente,1,1,,,collect:7ERgyK7KvWeVFiSJ,0,51123[encrypted:AYulSYYW]
2023-11-15T13:51:23.119Z,2023-11-14T12:10:47.100Z,13/11/2023,bubaque,Bub_bidjana,9,outside,22:12:00.000Z,01:13:00.000Z,0,0,0,0,0,0,Na,uuid:33b2ab17-ede7-4473-85af-04dee38f750b,uuid:33b2ab17-ede7-4473-85af-04dee38f750b,704,Assistente,1,1,,,collect:7ERgyK7KvWeVFiSJ,0,51123[encrypted:AYulSYYW]
2023-11-15T13:51:21.979Z,2023-11-14T12:09:52.347Z,13/11/2023,bubaque,Bub_bidjana,2,outside,01:09:00.000Z,04:05:00.000Z,0,0,0,0,0,0,Na,uuid:07cdffe4-f3d9-4aaa-9ade-e8560efb5ae4,uuid:07cdffe4-f3d9-4aaa-9ade-e8560efb5ae4,704,Assistente,1,1,,,collect:7ERgyK7KvWeVFiSJ,0,51123[encrypted:AYulSYYW]
2023-11-15T13:51:20.554Z,2023-11-14T12:08:45.577Z,13/11/2023,bubaque,Bub_bidjana,9,outside,01:13:00.000Z,04:11:00.000Z,1,2,0,0,0,0,Na,uuid:2eea1dc6-40d7-4233-86f3-51ccb8003203,uuid:2eea1dc6-40d7-4233-86f3-51ccb8003203,704,Assistente,1,1,,,collect:7ERgyK7KvWeVFiSJ,0,51123[encrypted:AYulSYYW]
2023-11-15T13:51:19.301Z,2023-11-14T12:07:27.791Z,13/11/2023,bubaque,Bub_bidjana,9,inside,22:13:00.000Z,07:06:00.000Z,1,1,0,0,0,0,Na,uuid:bb767dd4-261b-4348-a764-125c0c1f2f67,uuid:bb767dd4-261b-4348-a764-125c0c1f2f67,704,Assistente,1,1,,,collect:7ERgyK7KvWeVFiSJ,0,51123[encrypted:AYulSYYW]
2023-11-15T13:51:18.562Z,2023-11-14T12:04:28.812Z,13/11/2023,bubaque,Bub_bidjana,1,outside,01:04:00.000Z,04:03:00.000Z,3,1,0,0,0,0,Na,uuid:2819997c-1fab-4f6b-826a-28a5383dbebe,uuid:2819997c-1fab-4f6b-826a-28a5383dbebe,704,Assistente,1,1,,,collect:7ERgyK7KvWeVFiSJ,0,51123[encrypted:AYulSYYW]
2023-11-15T13:51:17.740Z,2023-11-14T12:02:37.923Z,13/11/2023,bubaque,Bub_bidjana,2,inside,07:16:00.000Z,22:12:00.000Z,2,1,0,0,0,0,Na,uuid:bdaf31ef-50ae-43cc-b36b-403c00062c11,uuid:bdaf31ef-50ae-43cc-b36b-403c00062c11,704,Assistente,1,1,,,collect:7ERgyK7KvWeVFiSJ,0,51123[encrypted:AYulSYYW]
2023-11-15T13:51:17.206Z,2023-11-14T12:01:17.137Z,13/11/2023,bubaque,Bub_bidjana,1,inside,22:05:00.000Z,07:11:00.000Z,1,0,0,0,0,0,Na,uuid:45f61673-ba56-4061-823b-ace24f346fe0,uuid:45f61673-ba56-4061-823b-ace24f346fe0,704,Assistente,1,1,,,collect:7ERgyK7KvWeVFiSJ,0,51123[encrypted:AYulSYYW]
2023-11-15T13:51:16.613Z,2023-11-14T11:59:18.931Z,13/11/2023,bubaque,Bub_bidjana,6,inside,22:12:00.000Z,07:06:00.000Z,0,3,2,0,0,0,Na,uuid:470139f3-ff8c-4695-89d5-3c7111c47dc3,uuid:470139f3-ff8c-4695-89d5-3c7111c47dc3,704,Assistente,1,1,,,collect:7ERgyK7KvWeVFiSJ,0,51123[encrypted:AYulSYYW]
2023-11-15T13:51:15.994Z,2023-11-14T11:57:43.961Z,13/11/2023,bubaque,Bub_bidjana,1,outside,04:03:00.000Z,07:09:00.000Z,1,0,0,0,0,0,Na,uuid:6e9ed701-b583-452b-8f51-f278f8c6b621,uuid:6e9ed701-b583-452b-8f51-f278f8c6b621,704,Assistente,1,1,,,collect:7ERgyK7KvWeVFiSJ,0,51123[encrypted:AYulSYYW]
2023-11-15T13:51:15.425Z,2023-11-14T11:55:30.294Z,13/11/2023,bubaque,Bub_bidjana,8,inside,22:05:00.000Z,07:11:00.000Z,0,1,0,0,0,0,NA,uuid:a3d86c1c-d371-4f6a-8c1a-eb52000cbf1c,uuid:a3d86c1c-d371-4f6a-8c1a-eb52000cbf1c,704,Assistente,1,1,,,collect:7ERgyK7KvWeVFiSJ,0,51123[encrypted:AYulSYYW]
2023-11-15T13:51:14.874Z,2023-11-14T11:53:40.409Z,13/11/2023,bubaque,Bub_bidjana,6,outside,01:13:00.000Z,04:10:00.000Z,0,1,0,0,0,0,Na,uuid:0f0a16ac-b43b-4e33-addd-25b542c31f37,uuid:0f0a16ac-b43b-4e33-addd-25b542c31f37,704,Assistente,1,1,,,collect:7ERgyK7KvWeVFiSJ,0,51123[encrypted:AYulSYYW]
2023-11-15T13:51:14.254Z,2023-11-14T11:50:25.614Z,13/11/2023,bubaque,Bub_bidjana,3,inside,07:22:00.000Z,22:20:00.000Z,3,0,1,0,0,0,,uuid:faafa83e-91ff-45e0-95fd-0baefe7c946d,uuid:faafa83e-91ff-45e0-95fd-0baefe7c946d,704,Assistente,1,1,,,collect:7ERgyK7KvWeVFiSJ,0,51123[encrypted:AYulSYYW]
2023-11-15T13:51:13.579Z,2023-11-14T11:48:53.933Z,13/11/2023,bubaque,Bub_bidjana,7,outside,07:05:00.000Z,21:58:00.000Z,0,0,0,0,0,0,Nenhum ,uuid:64400dad-cf1c-4b4d-8284-569cf253db9f,uuid:64400dad-cf1c-4b4d-8284-569cf253db9f,704,Assistente,1,1,,,collect:7ERgyK7KvWeVFiSJ,0,51123[encrypted:AYulSYYW]
2023-11-15T13:51:12.984Z,2023-11-14T11:47:23.048Z,13/11/2023,bubaque,Bub_bidjana,1,outside,07:09:00.000Z,10:01:00.000Z,0,0,0,0,0,0,Nenhum ,uuid:c5204ec3-1b8b-4dcb-a240-5020c38580e4,uuid:c5204ec3-1b8b-4dcb-a240-5020c38580e4,704,Assistente,1,1,,,collect:7ERgyK7KvWeVFiSJ,0,51123[encrypted:AYulSYYW]
2023-11-15T13:51:12.235Z,2023-11-14T11:46:03.861Z,13/11/2023,bubaque,Bub_bidjana,7,outside,01:05:00.000Z,10:01:00.000Z,0,0,0,0,0,0,Nenhum ,uuid:c1e5a805-ec41-4579-9ee0-ec56c298d94d,uuid:c1e5a805-ec41-4579-9ee0-ec56c298d94d,704,Assistente,1,1,,,collect:7ERgyK7KvWeVFiSJ,0,51123[encrypted:AYulSYYW]
2023-11-15T13:51:11.594Z,2023-11-14T11:44:58.410Z,13/11/2023,bubaque,Bub_bidjana,2,outside,07:13:00.000Z,10:03:00.000Z,0,0,0,0,0,0,Nenhum ,uuid:c3ea6ad1-c7c8-4885-a405-122ce7d774c8,uuid:c3ea6ad1-c7c8-4885-a405-122ce7d774c8,704,Assistente,1,1,,,collect:7ERgyK7KvWeVFiSJ,0,51123[encrypted:AYulSYYW]
2023-11-15T13:51:10.957Z,2023-11-14T11:43:34.725Z,13/11/2023,bubaque,Bub_bidjana,9,outside,07:20:00.000Z,10:07:00.000Z,0,0,0,0,0,0,Nenhum ,uuid:1567282a-4236-459e-8faa-5b65ec5f2588,uuid:1567282a-4236-459e-8faa-5b65ec5f2588,704,Assistente,1,1,,,collect:7ERgyK7KvWeVFiSJ,0,51123[encrypted:AYulSYYW]
2023-11-15T13:51:10.339Z,2023-11-14T11:42:24.127Z,13/11/2023,bubaque,Bub_bidjana,6,outside,07:08:00.000Z,10:06:00.000Z,0,0,0,0,0,0,Nenhum ,uuid:8a142279-f0d0-4dd8-90aa-c60a97309c1c,uuid:8a142279-f0d0-4dd8-90aa-c60a97309c1c,704,Assistente,1,1,,,collect:7ERgyK7KvWeVFiSJ,0,51123[encrypted:AYulSYYW]
2023-11-15T13:51:09.661Z,2023-11-14T11:40:59.406Z,13/11/2023,bubaque,Bub_bidjana,8,outside,07:16:00.000Z,10:04:00.000Z,0,0,0,0,0,0,Nenhum ,uuid:d671bff7-f27e-4734-9006-7754eb5e8fb4,uuid:d671bff7-f27e-4734-9006-7754eb5e8fb4,704,Assistente,1,1,,,collect:7ERgyK7KvWeVFiSJ,0,51123[encrypted:AYulSYYW]
2023-11-15T13:51:08.953Z,2023-11-14T11:39:21.180Z,13/11/2023,bubaque,Bub_bidjana,8,outside,19:07:00.000Z,22:04:00.000Z,0,0,0,0,0,0,Nenhum ,uuid:59788f96-fd22-4c12-91e8-693b677437dc,uuid:59788f96-fd22-4c12-91e8-693b677437dc,704,Assistente,1,1,,,collect:7ERgyK7KvWeVFiSJ,0,51123[encrypted:AYulSYYW]
2023-11-15T13:51:08.194Z,2023-11-14T11:37:54.656Z,13/11/2023,bubaque,Bub_bidjana,2,outside,17:24:00.000Z,19:00:00.000Z,0,0,0,0,0,0,Nenhum ,uuid:f6be2a3f-b01d-4f0f-98eb-e108d8937f13,uuid:f6be2a3f-b01d-4f0f-98eb-e108d8937f13,704,Assistente,1,1,,,collect:7ERgyK7KvWeVFiSJ,0,51123[encrypted:AYulSYYW]
2023-11-15T13:51:07.528Z,2023-11-14T11:36:24.732Z,13/11/2023,bubaque,Bub_bidjana,6,outside,19:02:00.000Z,22:10:00.000Z,0,0,0,0,0,0,Nenhum ,uuid:73130905-988a-4539-8e22-440b7fd857b6,uuid:73130905-988a-4539-8e22-440b7fd857b6,704,Assistente,1,1,,,collect:7ERgyK7KvWeVFiSJ,0,51123[encrypted:AYulSYYW]
2023-11-15T13:51:06.936Z,2023-11-14T11:34:51.189Z,13/11/2023,bubaque,Bub_bidjana,1,outside,19:00:00.000Z,22:00:00.000Z,0,0,0,0,0,0,Nenhum ,uuid:46240014-934e-454c-92cb-39ad25df1628,uuid:46240014-934e-454c-92cb-39ad25df1628,704,Assistente,1,1,,,collect:7ERgyK7KvWeVFiSJ,0,51123[encrypted:AYulSYYW]
2023-11-15T13:51:06.340Z,2023-11-14T11:32:52.114Z,13/11/2023,bubaque,Bub_bidjana,4,inside,19:00:00.000Z,22:02:00.000Z,1,5,1,0,0,0,Nenhum ,uuid:cfbb4443-5bbc-49b3-af44-3f7c0e852678,uuid:cfbb4443-5bbc-49b3-af44-3f7c0e852678,704,Assistente,1,1,,,collect:7ERgyK7KvWeVFiSJ,0,51123[encrypted:AYulSYYW]
2023-11-15T13:51:05.792Z,2023-11-14T11:31:20.046Z,13/11/2023,bubaque,Bub_bidjana,2,outside,17:22:00.000Z,19:00:00.000Z,0,1,0,0,0,0,Nenhum ,uuid:7c5c4b59-df20-4f54-8b8b-7839ac08b24a,uuid:7c5c4b59-df20-4f54-8b8b-7839ac08b24a,704,Assistente,1,1,,,collect:7ERgyK7KvWeVFiSJ,0,51123[encrypted:AYulSYYW]
2023-11-15T13:51:05.192Z,2023-11-14T11:29:39.615Z,13/11/2023,bubaque,Bub_bidjana,5,inside,19:05:00.000Z,22:00:00.000Z,1,4,0,0,0,0,Nenhum ,uuid:05b05cbe-8969-433d-b162-e0f8ded64432,uuid:05b05cbe-8969-433d-b162-e0f8ded64432,704,Assistente,1,1,,,collect:7ERgyK7KvWeVFiSJ,0,51123[encrypted:AYulSYYW]
2023-11-15T13:51:04.531Z,2023-11-14T11:27:52.869Z,13/11/2023,bubaque,Bub_bidjana,1,inside,19:00:00.000Z,22:05:00.000Z,0,1,0,0,0,0,Nenhum ,uuid:6f898045-3b39-4474-8fe5-553bd707d2ce,uuid:6f898045-3b39-4474-8fe5-553bd707d2ce,704,Assistente,1,1,,,collect:7ERgyK7KvWeVFiSJ,0,51123[encrypted:AYulSYYW]
2023-11-15T13:51:03.988Z,2023-11-14T11:26:13.296Z,13/11/2023,bubaque,Bub_bidjana,6,inside,19:11:00.000Z,22:13:00.000Z,0,5,0,0,0,0,Nenhum ,uuid:40627a15-b524-48fa-8680-173fcc7306c6,uuid:40627a15-b524-48fa-8680-173fcc7306c6,704,Assistente,1,1,,,collect:7ERgyK7KvWeVFiSJ,0,51123[encrypted:AYulSYYW]
2023-11-15T13:51:03.416Z,2023-11-14T11:24:21.100Z,13/11/2023,bubaque,Bub_bidjana,9,inside,19:13:00.000Z,22:15:00.000Z,1,4,1,0,0,0,Nenhum ,uuid:ec623893-2707-4ad7-acc4-820a9e9b9897,uuid:ec623893-2707-4ad7-acc4-820a9e9b9897,704,Assistente,1,1,,,collect:7ERgyK7KvWeVFiSJ,0,51123[encrypted:AYulSYYW]
2023-11-15T13:51:02.670Z,2023-11-14T11:22:27.638Z,13/11/2023,bubaque,Bub_bidjana,8,inside,19:10:00.000Z,22:06:00.000Z,1,5,0,0,0,0,Nenhum ,uuid:90de6666-4bb3-4263-b029-bafa0f11fae7,uuid:90de6666-4bb3-4263-b029-bafa0f11fae7,704,Assistente,1,1,,,collect:7ERgyK7KvWeVFiSJ,0,51123[encrypted:AYulSYYW]
2023-11-15T13:51:01.948Z,2023-11-14T11:20:45.098Z,13/11/2023,bubaque,Bub_bidjana,2,outside,22:15:00.000Z,01:08:00.000Z,6,1,0,0,0,0,Nenhum ,uuid:ad1d79d6-8316-480c-9c50-5dec18e6560a,uuid:ad1d79d6-8316-480c-9c50-5dec18e6560a,704,Assistente,1,1,,,collect:7ERgyK7KvWeVFiSJ,0,51123[encrypted:AYulSYYW]
2023-11-15T13:51:01.399Z,2023-11-14T11:18:34.946Z,13/11/2023,bubaque,Bub_bidjana,6,outside,22:00:00.000Z,01:15:00.000Z,3,2,0,0,0,0,Nenhum ,uuid:76349699-4efc-46f7-8829-2db7586de16f,uuid:76349699-4efc-46f7-8829-2db7586de16f,704,Assistente,1,1,,,collect:7ERgyK7KvWeVFiSJ,0,51123[encrypted:AYulSYYW]
2023-11-15T13:51:00.851Z,2023-11-14T11:16:12.184Z,13/11/2023,bubaque,Bub_bidjana,7,inside,19:00:00.000Z,22:00:00.000Z,0,10,0,0,0,0,Nenhum ,uuid:838a24df-a1ee-4e1a-b88c-7adb5bd09fd5,uuid:838a24df-a1ee-4e1a-b88c-7adb5bd09fd5,704,Assistente,1,1,,,collect:7ERgyK7KvWeVFiSJ,0,51123[encrypted:AYulSYYW]
2023-11-15T13:51:00.290Z,2023-11-14T11:14:39.761Z,13/11/2023,bubaque,Bub_bidjana,8,outside,22:05:00.000Z,01:11:00.000Z,2,5,0,0,0,0,Nenhum ,uuid:4d4338ef-82c1-4589-b47a-b4ebdd3c9531,uuid:4d4338ef-82c1-4589-b47a-b4ebdd3c9531,704,Assistente,1,1,,,collect:7ERgyK7KvWeVFiSJ,0,51123[encrypted:AYulSYYW]
2023-11-15T13:50:59.769Z,2023-11-14T11:13:03.715Z,13/11/2023,bubaque,Bub_bidjana,6,outside,22:10:00.000Z,01:13:00.000Z,2,1,0,0,0,0,Nenhum ,uuid:afe0cfba-4b50-42e7-a5e2-b04fa7021304,uuid:afe0cfba-4b50-42e7-a5e2-b04fa7021304,704,Assistente,1,1,,,collect:7ERgyK7KvWeVFiSJ,0,51123[encrypted:AYulSYYW]
2023-11-15T13:50:59.114Z,2023-11-14T11:11:04.558Z,13/11/2023,bubaque,Bub_bidjana,2,inside,19:10:00.000Z,22:12:00.000Z,3,0,0,0,0,0,Nenhum ,uuid:5345ae07-87e3-41c0-a60e-5cd34e835f2b,uuid:5345ae07-87e3-41c0-a60e-5cd34e835f2b,704,Assistente,1,1,,,collect:7ERgyK7KvWeVFiSJ,0,51123[encrypted:AYulSYYW]
2023-11-15T13:50:58.380Z,2023-11-14T11:08:31.928Z,13/11/2023,bubaque,Bub_bidjana,1,outside,17:31:00.000Z,19:09:00.000Z,0,1,0,0,0,0,Nenhum ,uuid:81525c5b-bfce-4e3a-9491-efc8bac3a7f6,uuid:81525c5b-bfce-4e3a-9491-efc8bac3a7f6,704,Assistente,1,1,,,collect:7ERgyK7KvWeVFiSJ,0,51123[encrypted:AYulSYYW]
2023-11-15T13:50:57.704Z,2023-11-14T11:06:12.796Z,13/11/2023,bubaque,Bub_bidjana,0,farmland,17:01:00.000Z,07:23:00.000Z,0,1,0,0,0,0,Nenhum ,uuid:0129f387-7e51-4bae-aa8b-36cefb9d3495,uuid:0129f387-7e51-4bae-aa8b-36cefb9d3495,704,Assistente,1,1,,,collect:7ERgyK7KvWeVFiSJ,0,51123[encrypted:AYulSYYW]
2023-11-15T13:50:56.965Z,2023-11-14T11:04:21.667Z,13/11/2023,bubaque,Bub_bidjana,7,inside,21:58:00.000Z,07:08:00.000Z,9,1,0,0,0,0,Nenhum ,uuid:0a428abc-335d-4c0a-9f71-2076783fe617,uuid:0a428abc-335d-4c0a-9f71-2076783fe617,704,Assistente,1,1,,,collect:7ERgyK7KvWeVFiSJ,0,51123[encrypted:AYulSYYW]
2023-11-15T13:50:56.325Z,2023-11-14T11:02:38.842Z,13/11/2023,bubaque,Bub_bidjana,5,inside,22:10:00.000Z,07:14:00.000Z,2,1,0,0,0,0,Nenhum,uuid:d4c412d1-f913-40ed-a137-d065a498193d,uuid:d4c412d1-f913-40ed-a137-d065a498193d,704,Assistente,1,1,,,collect:7ERgyK7KvWeVFiSJ,0,51123[encrypted:AYulSYYW]
2023-11-15T13:50:55.743Z,2023-11-14T10:59:32.516Z,13/11/2023,bubaque,Bub_bidjana,4,inside,22:03:00.000Z,07:18:00.000Z,9,2,0,0,0,0,Nenhum,uuid:dea331ad-1096-4bc6-8c2d-7419ec4dbd09,uuid:dea331ad-1096-4bc6-8c2d-7419ec4dbd09,704,Assistente,1,1,,,collect:7ERgyK7KvWeVFiSJ,0,51123[encrypted:AYulSYYW]
2023-11-15T13:47:48.363Z,2023-11-15T10:42:17.467Z,14/11/2023,bubaque,Bub_bidjana,4,inside,22:05:00.000Z,07:28:00.000Z,1,0,0,0,0,0,,uuid:a2b3341c-dc58-4f0c-a6cd-472099130e9b,uuid:a2b3341c-dc58-4f0c-a6cd-472099130e9b,704,Assistente,1,1,,,collect:E7vzJqYmDdFPwrom,0,51123[encrypted:AYulSYYW]
2023-11-15T13:47:47.740Z,2023-11-15T10:39:55.892Z,14/11/2023,bubaque,Bub_bidjana,1,inside,22:08:00.000Z,07:24:00.000Z,1,0,0,0,0,0,,uuid:7ec8ea0a-e25c-4a07-ad41-2f07eae962e0,uuid:7ec8ea0a-e25c-4a07-ad41-2f07eae962e0,704,Assistente,1,1,,,collect:E7vzJqYmDdFPwrom,0,51123[encrypted:AYulSYYW]
2023-11-15T13:47:47.096Z,2023-11-15T10:37:28.518Z,14/11/2023,bubaque,Bub_bidjana,7,inside,22:03:00.000Z,07:20:00.000Z,8,0,0,0,0,0,,uuid:81841dd0-ef60-44b2-aaed-5fa4573ed60f,uuid:81841dd0-ef60-44b2-aaed-5fa4573ed60f,704,Assistente,1,1,,,collect:E7vzJqYmDdFPwrom,0,51123[encrypted:AYulSYYW]
2023-11-15T13:47:46.469Z,2023-11-15T10:36:15.214Z,14/11/2023,bubaque,Bub_bidjana,7,outside,07:05:00.000Z,10:00:00.000Z,0,0,0,0,0,0,,uuid:d0bb4451-ba56-4788-abaf-51c2e14f58e8,uuid:d0bb4451-ba56-4788-abaf-51c2e14f58e8,704,Assistente,1,1,,,collect:E7vzJqYmDdFPwrom,0,51123[encrypted:AYulSYYW]
2023-11-15T13:47:45.955Z,2023-11-15T10:34:27.499Z,14/11/2023,bubaque,Bub_bidjana,8,outside,07:07:00.000Z,10:04:00.000Z,0,0,0,0,0,0,,uuid:b7e58cfd-243d-4e9e-b396-cd3064ef6f62,uuid:b7e58cfd-243d-4e9e-b396-cd3064ef6f62,704,Assistente,1,1,,,collect:E7vzJqYmDdFPwrom,0,51123[encrypted:AYulSYYW]
2023-11-15T13:47:45.397Z,2023-11-15T10:23:29.330Z,14/11/2023,orangogrande,Bub_bidjana,6,outside,07:10:00.000Z,10:00:00.000Z,0,0,0,0,0,0,,uuid:e092fd45-2ea5-4d4b-976b-5bd0dbf03b65,uuid:e092fd45-2ea5-4d4b-976b-5bd0dbf03b65,704,Assistente,1,1,,,collect:E7vzJqYmDdFPwrom,0,51123[encrypted:AYulSYYW]
2023-11-15T13:47:44.885Z,2023-11-15T10:22:04.936Z,14/11/2023,bubaque,Bub_bidjana,9,outside,07:10:00.000Z,10:10:00.000Z,0,0,0,0,0,0, ,uuid:0d6c9776-f241-4497-b124-bf7792866a65,uuid:0d6c9776-f241-4497-b124-bf7792866a65,704,Assistente,1,1,,,collect:E7vzJqYmDdFPwrom,0,51123[encrypted:AYulSYYW]
2023-11-15T13:47:44.415Z,2023-11-15T10:20:28.892Z,14/11/2023,bubaque,Bub_bidjana,1,outside,07:03:00.000Z,10:04:00.000Z,0,0,0,0,0,0,,uuid:52bbf8c9-0249-40c0-845c-44ca3a9204f1,uuid:52bbf8c9-0249-40c0-845c-44ca3a9204f1,704,Assistente,1,1,,,collect:E7vzJqYmDdFPwrom,0,51123[encrypted:AYulSYYW]
2023-11-15T13:47:43.932Z,2023-11-15T10:19:05.834Z,14/11/2023,bubaque,Bub_bidjana,2,outside,07:08:00.000Z,10:03:00.000Z,0,0,0,0,0,0,,uuid:37cc9ac4-c38c-48f8-975f-9d30d119dd12,uuid:37cc9ac4-c38c-48f8-975f-9d30d119dd12,704,Assistente,1,1,,,collect:E7vzJqYmDdFPwrom,0,51123[encrypted:AYulSYYW]
2023-11-15T13:47:43.452Z,2023-11-15T09:26:46.928Z,14/11/2023,bubaque,Bub_bidjana,2,outside,22:14:00.000Z,01:04:00.000Z,0,1,0,0,0,0,0,uuid:97850a64-64a0-4045-82b2-c6f8118fbea2,uuid:97850a64-64a0-4045-82b2-c6f8118fbea2,704,Assistente,1,1,,,collect:E7vzJqYmDdFPwrom,0,51123[encrypted:AYulSYYW]
2023-11-15T13:47:42.975Z,2023-11-15T09:24:58.497Z,14/11/2023,bubaque,Bub_bidjana,1,outside,01:03:00.000Z,04:03:00.000Z,0,0,0,0,0,0,0,uuid:c4a55a83-f844-4d25-ad59-471dbf1bd405,uuid:c4a55a83-f844-4d25-ad59-471dbf1bd405,704,Assistente,1,1,,,collect:E7vzJqYmDdFPwrom,0,51123[encrypted:AYulSYYW]
2023-11-15T13:47:42.498Z,2023-11-15T09:22:51.407Z,14/11/2023,bubaque,Bub_bidjana,7,outside,22:02:00.000Z,01:03:00.000Z,2,0,0,0,0,0,0,uuid:fd6012cc-19af-4ce9-9222-3b69c42022a8,uuid:fd6012cc-19af-4ce9-9222-3b69c42022a8,704,Assistente,1,1,,,collect:E7vzJqYmDdFPwrom,0,51123[encrypted:AYulSYYW]
2023-11-15T13:47:42.009Z,2023-11-15T09:20:57.581Z,14/11/2023,bubaque,Bub_bidjana,7,inside,19:02:00.000Z,22:03:00.000Z,3,3,0,0,0,0,0,uuid:14fb7344-6061-4f41-8d38-854085953d07,uuid:14fb7344-6061-4f41-8d38-854085953d07,704,Assistente,1,1,,,collect:E7vzJqYmDdFPwrom,0,51123[encrypted:AYulSYYW]
2023-11-15T13:47:41.521Z,2023-11-15T09:18:51.966Z,14/11/2023,bubaque,Bub_bidjana,6,inside,19:10:00.000Z,22:13:00.000Z,2,3,1,0,0,0,0,uuid:1af6ad1f-bd7d-42c9-a96f-9c323cd2e057,uuid:1af6ad1f-bd7d-42c9-a96f-9c323cd2e057,704,Assistente,1,1,,,collect:E7vzJqYmDdFPwrom,0,51123[encrypted:AYulSYYW]
2023-11-15T13:47:41.006Z,2023-11-15T09:16:59.184Z,14/11/2023,bubaque,Bub_bidjana,2,inside,19:09:00.000Z,22:13:00.000Z,0,1,0,0,0,0,0,uuid:c14259a6-3b10-4728-9799-18778e9fd39b,uuid:c14259a6-3b10-4728-9799-18778e9fd39b,704,Assistente,1,1,,,collect:E7vzJqYmDdFPwrom,0,51123[encrypted:AYulSYYW]
2023-11-15T13:47:40.521Z,2023-11-15T09:15:19.986Z,14/11/2023,bubaque,Bub_bidjana,9,inside,19:08:00.000Z,22:16:00.000Z,0,2,0,0,0,0,0,uuid:216ec3ba-fd79-4a9f-802c-3a8dcc88a703,uuid:216ec3ba-fd79-4a9f-802c-3a8dcc88a703,704,Assistente,1,1,,,collect:E7vzJqYmDdFPwrom,0,51123[encrypted:AYulSYYW]
2023-11-15T13:47:39.903Z,2023-11-15T09:13:32.956Z,14/11/2023,bubaque,Bub_bidjana,9,outside,19:33:00.000Z,22:14:00.000Z,1,1,0,0,0,0,0,uuid:fa5a3514-5d26-40c9-b796-8951260c3ab7,uuid:fa5a3514-5d26-40c9-b796-8951260c3ab7,704,Assistente,1,1,,,collect:E7vzJqYmDdFPwrom,0,51123[encrypted:AYulSYYW]
2023-11-15T13:47:39.411Z,2023-11-15T09:11:49.412Z,14/11/2023,bubaque,Bub_bidjana,4,inside,19:08:00.000Z,22:04:00.000Z,0,3,0,0,0,0,0,uuid:9a27d9ca-c19a-43de-914f-f1ebadd3ca83,uuid:9a27d9ca-c19a-43de-914f-f1ebadd3ca83,704,Assistente,1,1,,,collect:E7vzJqYmDdFPwrom,0,51123[encrypted:AYulSYYW]
2023-11-15T13:47:38.898Z,2023-11-15T09:09:57.976Z,14/11/2023,bubaque,Bub_bidjana,8,inside,19:05:00.000Z,22:08:00.000Z,0,4,0,0,0,0,0,uuid:98cf5a57-1b24-499d-a113-b1becba67895,uuid:98cf5a57-1b24-499d-a113-b1becba67895,704,Assistente,1,1,,,collect:E7vzJqYmDdFPwrom,0,51123[encrypted:AYulSYYW]
2023-11-15T13:47:38.413Z,2023-11-15T09:08:06.691Z,14/11/2023,bubaque,Bub_bidjana,6,outside,19:32:00.000Z,22:15:00.000Z,1,3,0,0,0,0,0,uuid:46a6fd8c-54a2-4a03-9af6-e720ec003c00,uuid:46a6fd8c-54a2-4a03-9af6-e720ec003c00,704,Assistente,1,1,,,collect:E7vzJqYmDdFPwrom,0,51123[encrypted:AYulSYYW]
2023-11-15T13:47:37.918Z,2023-11-15T09:06:16.061Z,14/11/2023,bubaque,Bub_bidjana,9,outside,04:16:00.000Z,07:19:00.000Z,0,0,0,0,0,0,0,uuid:3ad530a3-3eba-46f2-bb45-60fe487f3260,uuid:3ad530a3-3eba-46f2-bb45-60fe487f3260,704,Assistente,1,1,,,collect:E7vzJqYmDdFPwrom,0,51123[encrypted:AYulSYYW]
2023-11-15T13:47:37.414Z,2023-11-15T09:04:18.915Z,14/11/2023,bubaque,Bub_bidjana,7,outside,19:29:00.000Z,22:00:00.000Z,1,0,0,0,0,0,0,uuid:be8c2b8e-ca5f-45de-a7be-4bcab109112e,uuid:be8c2b8e-ca5f-45de-a7be-4bcab109112e,704,Assistente,1,1,,,collect:E7vzJqYmDdFPwrom,0,51123[encrypted:AYulSYYW]
2023-11-15T13:47:36.918Z,2023-11-15T09:02:16.257Z,14/11/2023,bubaque,Bub_bidjana,2,outside,19:31:00.000Z,22:15:00.000Z,0,1,0,0,0,0,0,uuid:edce6f97-d880-4b5e-8ae0-700bc04364f4,uuid:edce6f97-d880-4b5e-8ae0-700bc04364f4,704,Assistente,1,1,,,collect:E7vzJqYmDdFPwrom,0,51123[encrypted:AYulSYYW]
2023-11-15T13:47:36.406Z,2023-11-15T09:00:07.756Z,14/11/2023,bubaque,Bub_bidjana,5,inside,19:11:00.000Z,21:11:00.000Z,0,0,0,0,0,0,0,uuid:bce1a2b3-6596-4e14-be01-2fe1c3467b57,uuid:bce1a2b3-6596-4e14-be01-2fe1c3467b57,704,Assistente,1,1,,,collect:E7vzJqYmDdFPwrom,0,51123[encrypted:AYulSYYW]
2023-11-15T13:47:35.870Z,2023-11-15T08:58:10.115Z,14/11/2023,bubaque,Bub_bidjana,2,inside,22:14:00.000Z,07:18:00.000Z,1,0,0,0,0,0,0,uuid:8ebcf0e5-778f-4746-ae1f-05f6c1f2a5b2,uuid:8ebcf0e5-778f-4746-ae1f-05f6c1f2a5b2,704,Assistente,1,1,,,collect:E7vzJqYmDdFPwrom,0,51123[encrypted:AYulSYYW]
2023-11-15T13:47:35.344Z,2023-11-15T08:56:07.850Z,14/11/2023,bubaque,Bub_bidjana,1,outside,04:03:00.000Z,07:03:00.000Z,0,0,0,0,0,0,0,uuid:32a5184e-2ed1-47ee-b6b4-2754ed726b6e,uuid:32a5184e-2ed1-47ee-b6b4-2754ed726b6e,704,Assistente,1,1,,,collect:E7vzJqYmDdFPwrom,0,51123[encrypted:AYulSYYW]
2023-11-15T13:47:34.860Z,2023-11-15T08:53:38.891Z,14/11/2023,bubaque,Bub_bidjana,6,outside,04:08:00.000Z,07:09:00.000Z,0,0,0,0,0,0,0,uuid:916469e5-0a9d-4b14-a416-8f680d6abba8,uuid:916469e5-0a9d-4b14-a416-8f680d6abba8,704,Assistente,1,1,,,collect:E7vzJqYmDdFPwrom,0,51123[encrypted:AYulSYYW]
2023-11-15T13:47:34.334Z,2023-11-15T08:51:31.623Z,14/11/2023,bubaque,Bub_bidjana,7,outside,04:04:00.000Z,07:05:00.000Z,0,0,0,0,0,0,0,uuid:6b10a9f5-03e7-45f7-b658-20818dd24985,uuid:6b10a9f5-03e7-45f7-b658-20818dd24985,704,Assistente,1,1,,,collect:E7vzJqYmDdFPwrom,0,51123[encrypted:AYulSYYW]
2023-11-15T13:47:33.824Z,2023-11-15T08:48:40.577Z,14/11/2023,bubaque,Bub_bidjana,8,outside,04:06:00.000Z,07:07:00.000Z,0,0,0,0,0,0,0,uuid:57db89cf-5439-44f7-9155-81e762c345ff,uuid:57db89cf-5439-44f7-9155-81e762c345ff,704,Assistente,1,1,,,collect:E7vzJqYmDdFPwrom,0,51123[encrypted:AYulSYYW]
2023-11-15T13:47:33.290Z,2023-11-15T08:44:05.382Z,14/11/2023,bubaque,Bub_bidjana,,farmland,19:19:00.000Z,07:29:00.000Z,1,1,0,0,0,0,0,uuid:1b1574ec-04d2-4908-8c8e-32579d347efa,uuid:1b1574ec-04d2-4908-8c8e-32579d347efa,704,Assistente,1,1,,,collect:E7vzJqYmDdFPwrom,0,51123[encrypted:AYulSYYW]
2023-11-15T13:47:32.771Z,2023-11-15T08:40:31.087Z,14/11/2023,bubaque,Bub_bidjana,9,inside,22:16:00.000Z,07:04:00.000Z,5,2,0,0,0,0,0,uuid:d0aed6a7-dce3-49dc-a7f0-243bab643c02,uuid:d0aed6a7-dce3-49dc-a7f0-243bab643c02,704,Assistente,1,1,,,collect:E7vzJqYmDdFPwrom,0,51123[encrypted:AYulSYYW]
2023-11-15T13:47:32.280Z,2023-11-15T08:34:38.638Z,14/11/2023,bubaque,Bub_bidjana,8,inside,22:08:00.000Z,07:14:00.000Z,0,1,0,0,0,0,O,uuid:ff6457cf-4000-423a-aa92-80b2e2054a1d,uuid:ff6457cf-4000-423a-aa92-80b2e2054a1d,704,Assistente,1,1,,,collect:E7vzJqYmDdFPwrom,0,51123[encrypted:AYulSYYW]
2023-11-15T13:47:31.676Z,2023-11-14T17:12:59.820Z,13/11/2023,bubaque,Bub_bidjana,9,outside,10:08:00.000Z,17:03:00.000Z,0,0,0,0,0,0,NA,uuid:6fb797bd-8ea1-49fb-86e3-f4f6e3c66564,uuid:6fb797bd-8ea1-49fb-86e3-f4f6e3c66564,704,Assistente,1,1,,,collect:E7vzJqYmDdFPwrom,0,51123[encrypted:AYulSYYW]
